Key_Dataset,Key_Run,Key_Scheme,Key_Scheme_options,Key_Scheme_version_ID,Date_time,Number_of_training_instances,Number_of_testing_instances,Mean_absolute_error,Root_mean_squared_error,Relative_absolute_error,Root_relative_squared_error,Correlation_coefficient,Number_unclassified,Percent_unclassified,SF_prior_entropy,SF_scheme_entropy,SF_entropy_gain,SF_mean_prior_entropy,SF_mean_scheme_entropy,SF_mean_entropy_gain,Elapsed_Time_training,Elapsed_Time_testing,UserCPU_Time_training,UserCPU_Time_testing,UserCPU_Time_millis_training,UserCPU_Time_millis_testing,Serialized_Model_Size,Serialized_Train_Set_Size,Serialized_Test_Set_Size,Coverage_of_Test_Cases_By_Regions,Size_of_Predicted_Regions,Summary
'pacman_info-weka.filters.unsupervised.attribute.Remove-R6-8-weka.filters.unsupervised.attribute.Reorder-R1,2,3,4,5,7,6-weka.filters.supervised.instance.ClassBalancer-num-intervals10-weka.filters.supervised.instance.ClassBalancer-num-intervals10',1,weka.classifiers.lazy.IBk,'-K 1 -W 0 -A \"weka.core.neighboursearch.LinearNNSearch -A \\\"weka.core.EuclideanDistance -R first-last\\\"\"',-3080186098777067172,2.02103131828E7,458.0,413.301138999998,67.32955831637058,89.46989920616792,34.96964210258569,40.60932051061891,0.923688491674599,0.0,0.0,NaN,NaN,NaN,NaN,NaN,NaN,0.0,0.05,0.0,0.046875,0.0,46.875,42245.0,40593.0,37618.0,NaN,NaN,?
'pacman_info-weka.filters.unsupervised.attribute.Remove-R6-8-weka.filters.unsupervised.attribute.Reorder-R1,2,3,4,5,7,6-weka.filters.supervised.instance.ClassBalancer-num-intervals10-weka.filters.unsupervised.attribute.Remove-R3',1,weka.classifiers.lazy.IBk,'-K 1 -W 0 -A \"weka.core.neighboursearch.LinearNNSearch -A \\\"weka.core.EuclideanDistance -R first-last\\\"\"',-3080186098777067172,2.02103131828E7,458.0,459.2235409999993,77.51503341734995,103.71913730078973,40.25978652830124,47.076891554249364,0.8956939609491685,0.0,0.0,NaN,NaN,NaN,NaN,NaN,NaN,0.0,0.021,0.0,0.015625,0.0,15.625,38474.0,36858.0,34163.0,NaN,NaN,?
'pacman_info-weka.filters.unsupervised.attribute.Remove-R6-8-weka.filters.unsupervised.attribute.Reorder-R1,2,3,4,5,7,6-weka.filters.supervised.instance.ClassBalancer-num-intervals10-weka.filters.unsupervised.attribute.Remove-R4',1,weka.classifiers.lazy.IBk,'-K 1 -W 0 -A \"weka.core.neighboursearch.LinearNNSearch -A \\\"weka.core.EuclideanDistance -R first-last\\\"\"',-3080186098777067172,2.02103131828E7,458.0,459.2235409999993,83.4805811434206,109.39972264409671,43.35817489746938,49.65524215695424,0.8957025714578368,0.0,0.0,NaN,NaN,NaN,NaN,NaN,NaN,0.001,0.025,0.0,0.03125,0.0,31.25,38478.0,36862.0,34167.0,NaN,NaN,?
'pacman_info-weka.filters.unsupervised.attribute.Remove-R6-8-weka.filters.unsupervised.attribute.Reorder-R1,2,3,4,5,7,6-weka.filters.supervised.instance.ClassBalancer-num-intervals10-weka.filters.unsupervised.attribute.Remove-R6',1,weka.classifiers.lazy.IBk,'-K 1 -W 0 -A \"weka.core.neighboursearch.LinearNNSearch -A \\\"weka.core.EuclideanDistance -R first-last\\\"\"',-3080186098777067172,2.02103131828E7,458.0,459.2235409999993,54.93447422787725,72.24437686386224,28.53188740242196,32.79086949172367,0.9510724836846716,0.0,0.0,NaN,NaN,NaN,NaN,NaN,NaN,0.0,0.017,0.0,0.015625,0.0,15.625,38172.0,36556.0,33861.0,NaN,NaN,?
'pacman_info-weka.filters.unsupervised.attribute.Remove-R6-8-weka.filters.unsupervised.attribute.Reorder-R1,2,3,4,5,7,6-weka.filters.supervised.instance.ClassBalancer-num-intervals10-weka.filters.unsupervised.attribute.Remove-R1-2',1,weka.classifiers.lazy.IBk,'-K 1 -W 0 -A \"weka.core.neighboursearch.LinearNNSearch -A \\\"weka.core.EuclideanDistance -R first-last\\\"\"',-3080186098777067172,2.02103131828E7,458.0,459.2235409999993,46.02678477564247,62.916848821057485,23.905408382842467,28.55721466612577,0.965679624031368,0.0,0.0,NaN,NaN,NaN,NaN,NaN,NaN,0.002,0.029,0.0,0.03125,0.0,31.25,34732.0,33152.0,30737.0,NaN,NaN,?
'pacman_info-weka.filters.unsupervised.attribute.Remove-R6-8-weka.filters.unsupervised.attribute.Reorder-R1,2,3,4,5,7,6-weka.filters.unsupervised.attribute.Normalize-S1.0-T0.0',1,weka.classifiers.lazy.IBk,'-K 1 -W 0 -A \"weka.core.neighboursearch.LinearNNSearch -A \\\"weka.core.EuclideanDistance -R first-last\\\"\"',-3080186098777067172,2.02103131828E7,458.0,423.0,41.0,78.54900143526677,21.630184214934285,36.61082502692551,0.9348898883379992,0.0,0.0,NaN,NaN,NaN,NaN,NaN,NaN,0.001,0.021,0.0,0.015625,0.0,15.625,42175.0,40523.0,37548.0,NaN,NaN,?
'pacman_info-weka.filters.unsupervised.attribute.Remove-R6-8-weka.filters.unsupervised.attribute.Reorder-R1,2,3,4,5,7,6-weka.filters.unsupervised.attribute.Normalize-S1.0-T0.0-weka.filters.unsupervised.attribute.Remove-R3',1,weka.classifiers.lazy.IBk,'-K 1 -W 0 -A \"weka.core.neighboursearch.LinearNNSearch -A \\\"weka.core.EuclideanDistance -R first-last\\\"\"',-3080186098777067172,2.02103131828E7,458.0,423.0,55.026004728132385,98.28123394436233,29.029819972715813,45.80780141848994,0.8959210715015886,0.0,0.0,NaN,NaN,NaN,NaN,NaN,NaN,0.0,0.029,0.0,0.015625,0.0,15.625,38467.0,36851.0,34156.0,NaN,NaN,?
'pacman_info-weka.filters.unsupervised.attribute.Remove-R6-8-weka.filters.unsupervised.attribute.Reorder-R1,2,3,4,5,7,6-weka.filters.unsupervised.attribute.Normalize-S1.0-T0.0-weka.filters.unsupervised.attribute.Remove-R4',1,weka.classifiers.lazy.IBk,'-K 1 -W 0 -A \"weka.core.neighboursearch.LinearNNSearch -A \\\"weka.core.EuclideanDistance -R first-last\\\"\"',-3080186098777067172,2.02103131828E7,458.0,423.0,55.491725768321515,95.47325198175471,29.275518311546588,44.49903193150275,0.9088404455418301,0.0,0.0,NaN,NaN,NaN,NaN,NaN,NaN,0.0,0.017,0.0,0.015625,0.0,15.625,38471.0,36855.0,34160.0,NaN,NaN,?
'pacman_info-weka.filters.unsupervised.attribute.Remove-R6-8-weka.filters.unsupervised.attribute.Reorder-R1,2,3,4,5,7,6-weka.filters.unsupervised.attribute.Normalize-S1.0-T0.0-weka.filters.unsupervised.attribute.Remove-R6',1,weka.classifiers.lazy.IBk,'-K 1 -W 0 -A \"weka.core.neighboursearch.LinearNNSearch -A \\\"weka.core.EuclideanDistance -R first-last\\\"\"',-3080186098777067172,2.02103131828E7,458.0,423.0,23.75177304964539,49.73378301091555,12.530615280369299,23.18036887127394,0.9769959823232502,0.0,0.0,NaN,NaN,NaN,NaN,NaN,NaN,0.0,0.023,0.0,0.03125,0.0,31.25,38165.0,36549.0,33854.0,NaN,NaN,?
'pacman_info-weka.filters.unsupervised.attribute.Remove-R6-8-weka.filters.unsupervised.attribute.Reorder-R1,2,3,4,5,7,6-weka.filters.unsupervised.attribute.Normalize-S1.0-T0.0-weka.filters.unsupervised.attribute.Remove-R1-2',1,weka.classifiers.lazy.IBk,'-K 1 -W 0 -A \"weka.core.neighboursearch.LinearNNSearch -A \\\"weka.core.EuclideanDistance -R first-last\\\"\"',-3080186098777067172,2.02103131828E7,458.0,423.0,19.350669818754923,43.48394750445275,10.208745191757025,20.267389329926843,0.9797936461402489,0.0,0.0,NaN,NaN,NaN,NaN,NaN,NaN,0.001,0.011,0.0,0.015625,0.0,15.625,34725.0,33145.0,30730.0,NaN,NaN,?
'pacman_info-weka.filters.unsupervised.attribute.Remove-R6-8-weka.filters.unsupervised.attribute.Reorder-R1,2,3,4,5,7,6',1,weka.classifiers.lazy.IBk,'-K 1 -W 0 -A \"weka.core.neighboursearch.LinearNNSearch -A \\\"weka.core.EuclideanDistance -R first-last\\\"\"',-3080186098777067172,2.02103131828E7,458.0,423.0,41.472813238770684,78.95426152977167,21.879624152833546,36.79971229651788,0.9342763638410588,0.0,0.0,NaN,NaN,NaN,NaN,NaN,NaN,0.0,0.009,0.0,0.015625,0.0,15.625,42119.0,40467.0,37492.0,NaN,NaN,?
'pacman_info-weka.filters.unsupervised.attribute.Remove-R6-8-weka.filters.unsupervised.attribute.Reorder-R1,2,3,4,5,7,6-weka.filters.unsupervised.attribute.Remove-R3',1,weka.classifiers.lazy.IBk,'-K 1 -W 0 -A \"weka.core.neighboursearch.LinearNNSearch -A \\\"weka.core.EuclideanDistance -R first-last\\\"\"',-3080186098777067172,2.02103131828E7,458.0,423.0,55.498817966903076,98.6054295303282,29.279259910615078,45.958905412881,0.8953831449334111,0.0,0.0,NaN,NaN,NaN,NaN,NaN,NaN,0.0,0.01,0.0,0.0,0.0,0.0,38411.0,36795.0,34100.0,NaN,NaN,?
'pacman_info-weka.filters.unsupervised.attribute.Remove-R6-8-weka.filters.unsupervised.attribute.Reorder-R1,2,3,4,5,7,6-weka.filters.unsupervised.attribute.Remove-R4',1,weka.classifiers.lazy.IBk,'-K 1 -W 0 -A \"weka.core.neighboursearch.LinearNNSearch -A \\\"weka.core.EuclideanDistance -R first-last\\\"\"',-3080186098777067172,2.02103131828E7,458.0,423.0,55.491725768321515,95.47325198175471,29.275518311546588,44.49903193150275,0.9088404455418301,0.0,0.0,NaN,NaN,NaN,NaN,NaN,NaN,0.001,0.013,0.0,0.0,0.0,0.0,38415.0,36799.0,34104.0,NaN,NaN,?
'pacman_info-weka.filters.unsupervised.attribute.Remove-R6-8-weka.filters.unsupervised.attribute.Reorder-R1,2,3,4,5,7,6-weka.filters.unsupervised.attribute.Remove-R6',1,weka.classifiers.lazy.IBk,'-K 1 -W 0 -A \"weka.core.neighboursearch.LinearNNSearch -A \\\"weka.core.EuclideanDistance -R first-last\\\"\"',-3080186098777067172,2.02103131828E7,458.0,423.0,23.75177304964539,49.73378301091555,12.530615280369299,23.18036887127394,0.9769959823232502,0.0,0.0,NaN,NaN,NaN,NaN,NaN,NaN,0.0,0.01,0.0,0.0,0.0,0.0,38109.0,36493.0,33798.0,NaN,NaN,?
'pacman_info-weka.filters.unsupervised.attribute.Remove-R6-8-weka.filters.unsupervised.attribute.Reorder-R1,2,3,4,5,7,6-weka.filters.unsupervised.attribute.Remove-R1-2',1,weka.classifiers.lazy.IBk,'-K 1 -W 0 -A \"weka.core.neighboursearch.LinearNNSearch -A \\\"weka.core.EuclideanDistance -R first-last\\\"\"',-3080186098777067172,2.02103131828E7,458.0,423.0,19.35224586288416,43.48152511130133,10.20957665821669,20.266260279140806,0.9797865725929004,0.0,0.0,NaN,NaN,NaN,NaN,NaN,NaN,0.001,0.014,0.0,0.015625,0.0,15.625,34669.0,33089.0,30674.0,NaN,NaN,?
'pacman_info-weka.filters.unsupervised.attribute.Remove-R6-8-weka.filters.unsupervised.attribute.Reorder-R1,2,3,4,5,7,6-weka.filters.supervised.instance.ClassBalancer-num-intervals10-weka.filters.supervised.instance.ClassBalancer-num-intervals10',1,weka.classifiers.lazy.IBk,'-K 3 -W 0 -A \"weka.core.neighboursearch.LinearNNSearch -A \\\"weka.core.EuclideanDistance -R first-last\\\"\"',-3080186098777067172,2.02103131828E7,458.0,413.301138999998,65.3778998322193,83.17645911400707,33.95598925227951,37.75280308873139,0.9335604076685211,0.0,0.0,NaN,NaN,NaN,NaN,NaN,NaN,0.0,0.021,0.0,0.015625,0.0,15.625,42261.0,40593.0,37618.0,NaN,NaN,?
'pacman_info-weka.filters.unsupervised.attribute.Remove-R6-8-weka.filters.unsupervised.attribute.Reorder-R1,2,3,4,5,7,6-weka.filters.supervised.instance.ClassBalancer-num-intervals10-weka.filters.unsupervised.attribute.Remove-R3',1,weka.classifiers.lazy.IBk,'-K 3 -W 0 -A \"weka.core.neighboursearch.LinearNNSearch -A \\\"weka.core.EuclideanDistance -R first-last\\\"\"',-3080186098777067172,2.02103131828E7,458.0,459.2235409999993,77.40264759098028,100.52578710118064,40.201415536521,45.62746761037519,0.9044084220681873,0.0,0.0,NaN,NaN,NaN,NaN,NaN,NaN,0.0,0.018,0.0,0.03125,0.0,31.25,38490.0,36858.0,34163.0,NaN,NaN,?
'pacman_info-weka.filters.unsupervised.attribute.Remove-R6-8-weka.filters.unsupervised.attribute.Reorder-R1,2,3,4,5,7,6-weka.filters.supervised.instance.ClassBalancer-num-intervals10-weka.filters.unsupervised.attribute.Remove-R4',1,weka.classifiers.lazy.IBk,'-K 3 -W 0 -A \"weka.core.neighboursearch.LinearNNSearch -A \\\"weka.core.EuclideanDistance -R first-last\\\"\"',-3080186098777067172,2.02103131828E7,458.0,459.2235409999993,73.46133977599985,91.81411288386157,38.15437763589717,41.67334156326664,0.9231318255643366,0.0,0.0,NaN,NaN,NaN,NaN,NaN,NaN,0.001,0.023,0.0,0.015625,0.0,15.625,38494.0,36862.0,34167.0,NaN,NaN,?
'pacman_info-weka.filters.unsupervised.attribute.Remove-R6-8-weka.filters.unsupervised.attribute.Reorder-R1,2,3,4,5,7,6-weka.filters.supervised.instance.ClassBalancer-num-intervals10-weka.filters.unsupervised.attribute.Remove-R6',1,weka.classifiers.lazy.IBk,'-K 3 -W 0 -A \"weka.core.neighboursearch.LinearNNSearch -A \\\"weka.core.EuclideanDistance -R first-last\\\"\"',-3080186098777067172,2.02103131828E7,458.0,459.2235409999993,58.13719835670717,74.43781089831585,30.195319436844223,33.78644329669964,0.9472315538375965,0.0,0.0,NaN,NaN,NaN,NaN,NaN,NaN,0.001,0.019,0.0,0.015625,0.0,15.625,38188.0,36556.0,33861.0,NaN,NaN,?
'pacman_info-weka.filters.unsupervised.attribute.Remove-R6-8-weka.filters.unsupervised.attribute.Reorder-R1,2,3,4,5,7,6-weka.filters.supervised.instance.ClassBalancer-num-intervals10-weka.filters.unsupervised.attribute.Remove-R1-2',1,weka.classifiers.lazy.IBk,'-K 3 -W 0 -A \"weka.core.neighboursearch.LinearNNSearch -A \\\"weka.core.EuclideanDistance -R first-last\\\"\"',-3080186098777067172,2.02103131828E7,458.0,459.2235409999993,45.6374142900228,59.33969738919968,23.703176997001894,26.933587875417636,0.9688881198997384,0.0,0.0,NaN,NaN,NaN,NaN,NaN,NaN,0.0,0.015,0.0,0.015625,0.0,15.625,34748.0,33152.0,30737.0,NaN,NaN,?
'pacman_info-weka.filters.unsupervised.attribute.Remove-R6-8-weka.filters.unsupervised.attribute.Reorder-R1,2,3,4,5,7,6-weka.filters.unsupervised.attribute.Normalize-S1.0-T0.0',1,weka.classifiers.lazy.IBk,'-K 3 -W 0 -A \"weka.core.neighboursearch.LinearNNSearch -A \\\"weka.core.EuclideanDistance -R first-last\\\"\"',-3080186098777067172,2.02103131828E7,458.0,423.0,39.61564223798265,64.04852717331332,20.899844863426736,29.85231357150854,0.9575612602080498,0.0,0.0,NaN,NaN,NaN,NaN,NaN,NaN,0.001,0.017,0.0,0.03125,0.0,31.25,42191.0,40523.0,37548.0,NaN,NaN,?
'pacman_info-weka.filters.unsupervised.attribute.Remove-R6-8-weka.filters.unsupervised.attribute.Reorder-R1,2,3,4,5,7,6-weka.filters.unsupervised.attribute.Normalize-S1.0-T0.0-weka.filters.unsupervised.attribute.Remove-R3',1,weka.classifiers.lazy.IBk,'-K 3 -W 0 -A \"weka.core.neighboursearch.LinearNNSearch -A \\\"weka.core.EuclideanDistance -R first-last\\\"\"',-3080186098777067172,2.02103131828E7,458.0,423.0,54.562844759653274,88.042886101855,28.785472766882002,41.035820176491065,0.9179266235441758,0.0,0.0,NaN,NaN,NaN,NaN,NaN,NaN,0.0,0.016,0.0,0.015625,0.0,15.625,38483.0,36851.0,34156.0,NaN,NaN,?
'pacman_info-weka.filters.unsupervised.attribute.Remove-R6-8-weka.filters.unsupervised.attribute.Reorder-R1,2,3,4,5,7,6-weka.filters.unsupervised.attribute.Normalize-S1.0-T0.0-weka.filters.unsupervised.attribute.Remove-R4',1,weka.classifiers.lazy.IBk,'-K 3 -W 0 -A \"weka.core.neighboursearch.LinearNNSearch -A \\\"weka.core.EuclideanDistance -R first-last\\\"\"',-3080186098777067172,2.02103131828E7,458.0,423.0,43.0490543735225,65.77100931668394,22.711194545805224,30.65514354019904,0.9566138081173485,0.0,0.0,NaN,NaN,NaN,NaN,NaN,NaN,0.0,0.016,0.0,0.015625,0.0,15.625,38487.0,36855.0,34160.0,NaN,NaN,?
'pacman_info-weka.filters.unsupervised.attribute.Remove-R6-8-weka.filters.unsupervised.attribute.Reorder-R1,2,3,4,5,7,6-weka.filters.unsupervised.attribute.Normalize-S1.0-T0.0-weka.filters.unsupervised.attribute.Remove-R6',1,weka.classifiers.lazy.IBk,'-K 3 -W 0 -A \"weka.core.neighboursearch.LinearNNSearch -A \\\"weka.core.EuclideanDistance -R first-last\\\"\"',-3080186098777067172,2.02103131828E7,458.0,423.0,26.272852639873907,42.37873214098782,13.860649815909639,19.75226061346276,0.9827717738292514,0.0,0.0,NaN,NaN,NaN,NaN,NaN,NaN,0.0,0.015,0.0,0.015625,0.0,15.625,38181.0,36549.0,33854.0,NaN,NaN,?
'pacman_info-weka.filters.unsupervised.attribute.Remove-R6-8-weka.filters.unsupervised.attribute.Reorder-R1,2,3,4,5,7,6-weka.filters.unsupervised.attribute.Normalize-S1.0-T0.0-weka.filters.unsupervised.attribute.Remove-R1-2',1,weka.classifiers.lazy.IBk,'-K 3 -W 0 -A \"weka.core.neighboursearch.LinearNNSearch -A \\\"weka.core.EuclideanDistance -R first-last\\\"\"',-3080186098777067172,2.02103131828E7,458.0,423.0,23.401418439716302,42.596870426214416,12.345780286385944,19.853932467288757,0.9809364330959699,0.0,0.0,NaN,NaN,NaN,NaN,NaN,NaN,0.0,0.015,0.0,0.015625,0.0,15.625,34741.0,33145.0,30730.0,NaN,NaN,?
'pacman_info-weka.filters.unsupervised.attribute.Remove-R6-8-weka.filters.unsupervised.attribute.Reorder-R1,2,3,4,5,7,6',1,weka.classifiers.lazy.IBk,'-K 3 -W 0 -A \"weka.core.neighboursearch.LinearNNSearch -A \\\"weka.core.EuclideanDistance -R first-last\\\"\"',-3080186098777067172,2.02103131828E7,458.0,423.0,39.61347517730495,64.04868827227043,20.8987015970447,29.852388657959327,0.9575600117078791,0.0,0.0,NaN,NaN,NaN,NaN,NaN,NaN,0.001,0.017,0.0,0.015625,0.0,15.625,42135.0,40467.0,37492.0,NaN,NaN,?
'pacman_info-weka.filters.unsupervised.attribute.Remove-R6-8-weka.filters.unsupervised.attribute.Reorder-R1,2,3,4,5,7,6-weka.filters.unsupervised.attribute.Remove-R3',1,weka.classifiers.lazy.IBk,'-K 3 -W 0 -A \"weka.core.neighboursearch.LinearNNSearch -A \\\"weka.core.EuclideanDistance -R first-last\\\"\"',-3080186098777067172,2.02103131828E7,458.0,423.0,54.5596926713948,88.04287416794185,28.78380983396267,41.03581461422549,0.9179241684474647,0.0,0.0,NaN,NaN,NaN,NaN,NaN,NaN,0.0,0.019,0.0,0.015625,0.0,15.625,38427.0,36795.0,34100.0,NaN,NaN,?
'pacman_info-weka.filters.unsupervised.attribute.Remove-R6-8-weka.filters.unsupervised.attribute.Reorder-R1,2,3,4,5,7,6-weka.filters.unsupervised.attribute.Remove-R4',1,weka.classifiers.lazy.IBk,'-K 3 -W 0 -A \"weka.core.neighboursearch.LinearNNSearch -A \\\"weka.core.EuclideanDistance -R first-last\\\"\"',-3080186098777067172,2.02103131828E7,458.0,423.0,43.002746819768134,65.73672375490897,22.686764279506445,30.639163417216473,0.9566442760280246,0.0,0.0,NaN,NaN,NaN,NaN,NaN,NaN,0.0,0.016,0.0,0.015625,0.0,15.625,38431.0,36799.0,34104.0,NaN,NaN,?
'pacman_info-weka.filters.unsupervised.attribute.Remove-R6-8-weka.filters.unsupervised.attribute.Reorder-R1,2,3,4,5,7,6-weka.filters.unsupervised.attribute.Remove-R6',1,weka.classifiers.lazy.IBk,'-K 3 -W 0 -A \"weka.core.neighboursearch.LinearNNSearch -A \\\"weka.core.EuclideanDistance -R first-last\\\"\"',-3080186098777067172,2.02103131828E7,458.0,423.0,26.625886524822683,42.64944964356364,14.046898302874416,19.878439061787113,0.9825972558878223,0.0,0.0,NaN,NaN,NaN,NaN,NaN,NaN,0.001,0.018,0.0,0.015625,0.0,15.625,38125.0,36493.0,33798.0,NaN,NaN,?
'pacman_info-weka.filters.unsupervised.attribute.Remove-R6-8-weka.filters.unsupervised.attribute.Reorder-R1,2,3,4,5,7,6-weka.filters.unsupervised.attribute.Remove-R1-2',1,weka.classifiers.lazy.IBk,'-K 3 -W 0 -A \"weka.core.neighboursearch.LinearNNSearch -A \\\"weka.core.EuclideanDistance -R first-last\\\"\"',-3080186098777067172,2.02103131828E7,458.0,423.0,23.352561071710003,42.592656179073416,12.320004826136355,19.851968253080045,0.9809417813642123,0.0,0.0,NaN,NaN,NaN,NaN,NaN,NaN,0.001,0.014,0.0,0.015625,0.0,15.625,34685.0,33089.0,30674.0,NaN,NaN,?
'pacman_info-weka.filters.unsupervised.attribute.Remove-R6-8-weka.filters.unsupervised.attribute.Reorder-R1,2,3,4,5,7,6-weka.filters.supervised.instance.ClassBalancer-num-intervals10-weka.filters.supervised.instance.ClassBalancer-num-intervals10',1,weka.classifiers.lazy.IBk,'-K 5 -W 0 -A \"weka.core.neighboursearch.LinearNNSearch -A \\\"weka.core.EuclideanDistance -R first-last\\\"\"',-3080186098777067172,2.02103131828E7,458.0,413.301138999998,67.50506152062111,84.74405315704011,35.06079499878709,38.46431533462511,0.9300872157905097,0.0,0.0,NaN,NaN,NaN,NaN,NaN,NaN,0.001,0.036,0.0,0.046875,0.0,46.875,42277.0,40593.0,37618.0,NaN,NaN,?
'pacman_info-weka.filters.unsupervised.attribute.Remove-R6-8-weka.filters.unsupervised.attribute.Reorder-R1,2,3,4,5,7,6-weka.filters.supervised.instance.ClassBalancer-num-intervals10-weka.filters.unsupervised.attribute.Remove-R3',1,weka.classifiers.lazy.IBk,'-K 5 -W 0 -A \"weka.core.neighboursearch.LinearNNSearch -A \\\"weka.core.EuclideanDistance -R first-last\\\"\"',-3080186098777067172,2.02103131828E7,458.0,459.2235409999993,79.55314295281973,100.87406348418638,41.31834060745026,45.7855461476669,0.9063570912849054,0.0,0.0,NaN,NaN,NaN,NaN,NaN,NaN,0.0,0.019,0.0,0.0,0.0,0.0,38506.0,36858.0,34163.0,NaN,NaN,?
'pacman_info-weka.filters.unsupervised.attribute.Remove-R6-8-weka.filters.unsupervised.attribute.Reorder-R1,2,3,4,5,7,6-weka.filters.supervised.instance.ClassBalancer-num-intervals10-weka.filters.unsupervised.attribute.Remove-R4',1,weka.classifiers.lazy.IBk,'-K 5 -W 0 -A \"weka.core.neighboursearch.LinearNNSearch -A \\\"weka.core.EuclideanDistance -R first-last\\\"\"',-3080186098777067172,2.02103131828E7,458.0,459.2235409999993,73.31438173529297,94.24015698610728,38.07805051473577,42.774494331015106,0.9161151356645698,0.0,0.0,NaN,NaN,NaN,NaN,NaN,NaN,0.001,0.029,0.0,0.03125,0.0,31.25,38510.0,36862.0,34167.0,NaN,NaN,?
'pacman_info-weka.filters.unsupervised.attribute.Remove-R6-8-weka.filters.unsupervised.attribute.Reorder-R1,2,3,4,5,7,6-weka.filters.supervised.instance.ClassBalancer-num-intervals10-weka.filters.unsupervised.attribute.Remove-R6',1,weka.classifiers.lazy.IBk,'-K 5 -W 0 -A \"weka.core.neighboursearch.LinearNNSearch -A \\\"weka.core.EuclideanDistance -R first-last\\\"\"',-3080186098777067172,2.02103131828E7,458.0,459.2235409999993,59.91131800706758,75.10371523357848,31.11676235249918,34.088689410507456,0.9458550160342741,0.0,0.0,NaN,NaN,NaN,NaN,NaN,NaN,0.0,0.023,0.0,0.03125,0.0,31.25,38204.0,36556.0,33861.0,NaN,NaN,?
'pacman_info-weka.filters.unsupervised.attribute.Remove-R6-8-weka.filters.unsupervised.attribute.Reorder-R1,2,3,4,5,7,6-weka.filters.supervised.instance.ClassBalancer-num-intervals10-weka.filters.unsupervised.attribute.Remove-R1-2',1,weka.classifiers.lazy.IBk,'-K 5 -W 0 -A \"weka.core.neighboursearch.LinearNNSearch -A \\\"weka.core.EuclideanDistance -R first-last\\\"\"',-3080186098777067172,2.02103131828E7,458.0,459.2235409999993,50.77731143371756,65.0362728457621,26.372738663426457,29.519196201694616,0.9610692290519304,0.0,0.0,NaN,NaN,NaN,NaN,NaN,NaN,0.001,0.021,0.0,0.015625,0.0,15.625,34764.0,33152.0,30737.0,NaN,NaN,?
'pacman_info-weka.filters.unsupervised.attribute.Remove-R6-8-weka.filters.unsupervised.attribute.Reorder-R1,2,3,4,5,7,6-weka.filters.unsupervised.attribute.Normalize-S1.0-T0.0',1,weka.classifiers.lazy.IBk,'-K 5 -W 0 -A \"weka.core.neighboursearch.LinearNNSearch -A \\\"weka.core.EuclideanDistance -R first-last\\\"\"',-3080186098777067172,2.02103131828E7,458.0,423.0,41.22821963300685,63.86544020408871,21.750585012578256,29.766978750282124,0.9586034379749576,0.0,0.0,NaN,NaN,NaN,NaN,NaN,NaN,0.001,0.026,0.0,0.015625,0.0,15.625,42207.0,40523.0,37548.0,NaN,NaN,?
'pacman_info-weka.filters.unsupervised.attribute.Remove-R6-8-weka.filters.unsupervised.attribute.Reorder-R1,2,3,4,5,7,6-weka.filters.unsupervised.attribute.Normalize-S1.0-T0.0-weka.filters.unsupervised.attribute.Remove-R3',1,weka.classifiers.lazy.IBk,'-K 5 -W 0 -A \"weka.core.neighboursearch.LinearNNSearch -A \\\"weka.core.EuclideanDistance -R first-last\\\"\"',-3080186098777067172,2.02103131828E7,458.0,423.0,55.75784926263649,85.03201160297192,29.41591587754549,39.63248471146312,0.9240536672474843,0.0,0.0,NaN,NaN,NaN,NaN,NaN,NaN,0.001,0.018,0.0,0.015625,0.0,15.625,38499.0,36851.0,34156.0,NaN,NaN,?
'pacman_info-weka.filters.unsupervised.attribute.Remove-R6-8-weka.filters.unsupervised.attribute.Reorder-R1,2,3,4,5,7,6-weka.filters.unsupervised.attribute.Normalize-S1.0-T0.0-weka.filters.unsupervised.attribute.Remove-R4',1,weka.classifiers.lazy.IBk,'-K 5 -W 0 -A \"weka.core.neighboursearch.LinearNNSearch -A \\\"weka.core.EuclideanDistance -R first-last\\\"\"',-3080186098777067172,2.02103131828E7,458.0,423.0,42.51827085444105,64.12253138746912,22.431171489805642,29.886806121206273,0.9591498988387696,0.0,0.0,NaN,NaN,NaN,NaN,NaN,NaN,0.001,0.02,0.0,0.015625,0.0,15.625,38503.0,36855.0,34160.0,NaN,NaN,?
'pacman_info-weka.filters.unsupervised.attribute.Remove-R6-8-weka.filters.unsupervised.attribute.Reorder-R1,2,3,4,5,7,6-weka.filters.unsupervised.attribute.Normalize-S1.0-T0.0-weka.filters.unsupervised.attribute.Remove-R6',1,weka.classifiers.lazy.IBk,'-K 5 -W 0 -A \"weka.core.neighboursearch.LinearNNSearch -A \\\"weka.core.EuclideanDistance -R first-last\\\"\"',-3080186098777067172,2.02103131828E7,458.0,423.0,29.102175503771242,45.09388709797222,15.353302858583412,21.017764454820504,0.9800485523902929,0.0,0.0,NaN,NaN,NaN,NaN,NaN,NaN,0.0,0.019,0.0,0.03125,0.0,31.25,38197.0,36549.0,33854.0,NaN,NaN,?
'pacman_info-weka.filters.unsupervised.attribute.Remove-R6-8-weka.filters.unsupervised.attribute.Reorder-R1,2,3,4,5,7,6-weka.filters.unsupervised.attribute.Normalize-S1.0-T0.0-weka.filters.unsupervised.attribute.Remove-R1-2',1,weka.classifiers.lazy.IBk,'-K 5 -W 0 -A \"weka.core.neighboursearch.LinearNNSearch -A \\\"weka.core.EuclideanDistance -R first-last\\\"\"',-3080186098777067172,2.02103131828E7,458.0,423.0,28.20317178881008,49.5901199553801,14.879019542375604,23.113409102302516,0.9743637541097402,0.0,0.0,NaN,NaN,NaN,NaN,NaN,NaN,0.001,0.025,0.0,0.015625,0.0,15.625,34757.0,33145.0,30730.0,NaN,NaN,?
'pacman_info-weka.filters.unsupervised.attribute.Remove-R6-8-weka.filters.unsupervised.attribute.Reorder-R1,2,3,4,5,7,6',1,weka.classifiers.lazy.IBk,'-K 5 -W 0 -A \"weka.core.neighboursearch.LinearNNSearch -A \\\"weka.core.EuclideanDistance -R first-last\\\"\"',-3080186098777067172,2.02103131828E7,458.0,423.0,41.22728244962286,63.86543273264322,21.750090586987067,29.766975267923613,0.958602962338152,0.0,0.0,NaN,NaN,NaN,NaN,NaN,NaN,0.0,0.018,0.0,0.015625,0.0,15.625,42151.0,40467.0,37492.0,NaN,NaN,?
'pacman_info-weka.filters.unsupervised.attribute.Remove-R6-8-weka.filters.unsupervised.attribute.Reorder-R1,2,3,4,5,7,6-weka.filters.unsupervised.attribute.Remove-R3',1,weka.classifiers.lazy.IBk,'-K 5 -W 0 -A \"weka.core.neighboursearch.LinearNNSearch -A \\\"weka.core.EuclideanDistance -R first-last\\\"\"',-3080186098777067172,2.02103131828E7,458.0,423.0,55.72712484520995,85.00317090668024,29.399706735866644,39.619042380353925,0.9240885698502633,0.0,0.0,NaN,NaN,NaN,NaN,NaN,NaN,0.001,0.013,0.0,0.015625,0.0,15.625,38443.0,36795.0,34100.0,NaN,NaN,?
'pacman_info-weka.filters.unsupervised.attribute.Remove-R6-8-weka.filters.unsupervised.attribute.Reorder-R1,2,3,4,5,7,6-weka.filters.unsupervised.attribute.Remove-R4',1,weka.classifiers.lazy.IBk,'-K 5 -W 0 -A \"weka.core.neighboursearch.LinearNNSearch -A \\\"weka.core.EuclideanDistance -R first-last\\\"\"',-3080186098777067172,2.02103131828E7,458.0,423.0,42.51180907351118,64.12181741518665,22.427762477321014,29.88647334658368,0.9591462885364425,0.0,0.0,NaN,NaN,NaN,NaN,NaN,NaN,0.001,0.012,0.0,0.015625,0.0,15.625,38447.0,36799.0,34104.0,NaN,NaN,?
'pacman_info-weka.filters.unsupervised.attribute.Remove-R6-8-weka.filters.unsupervised.attribute.Reorder-R1,2,3,4,5,7,6-weka.filters.unsupervised.attribute.Remove-R6',1,weka.classifiers.lazy.IBk,'-K 5 -W 0 -A \"weka.core.neighboursearch.LinearNNSearch -A \\\"weka.core.EuclideanDistance -R first-last\\\"\"',-3080186098777067172,2.02103131828E7,458.0,423.0,29.16487673083417,45.174578807994756,15.386381860824232,21.05537397273644,0.9799827842322518,0.0,0.0,NaN,NaN,NaN,NaN,NaN,NaN,0.0,0.011,0.0,0.015625,0.0,15.625,38141.0,36493.0,33798.0,NaN,NaN,?
'pacman_info-weka.filters.unsupervised.attribute.Remove-R6-8-weka.filters.unsupervised.attribute.Reorder-R1,2,3,4,5,7,6-weka.filters.unsupervised.attribute.Remove-R1-2',1,weka.classifiers.lazy.IBk,'-K 5 -W 0 -A \"weka.core.neighboursearch.LinearNNSearch -A \\\"weka.core.EuclideanDistance -R first-last\\\"\"',-3080186098777067172,2.02103131828E7,458.0,423.0,28.1928008555668,49.59417972223984,14.873548196118703,23.115301314952404,0.9743575459567014,0.0,0.0,NaN,NaN,NaN,NaN,NaN,NaN,0.0,0.011,0.0,0.015625,0.0,15.625,34701.0,33089.0,30674.0,NaN,NaN,?
'pacman_info-weka.filters.unsupervised.attribute.Remove-R6-8-weka.filters.unsupervised.attribute.Reorder-R1,2,3,4,5,7,6-weka.filters.supervised.instance.ClassBalancer-num-intervals10-weka.filters.supervised.instance.ClassBalancer-num-intervals10',1,weka.classifiers.lazy.IBk,'-K 7 -W 0 -A \"weka.core.neighboursearch.LinearNNSearch -A \\\"weka.core.EuclideanDistance -R first-last\\\"\"',-3080186098777067172,2.02103131828E7,458.0,413.301138999998,72.54460735330464,91.51926493022691,37.67823551875069,41.53950317842335,0.9153426744206984,0.0,0.0,NaN,NaN,NaN,NaN,NaN,NaN,0.0,0.012,0.0,0.015625,0.0,15.625,42293.0,40593.0,37618.0,NaN,NaN,?
'pacman_info-weka.filters.unsupervised.attribute.Remove-R6-8-weka.filters.unsupervised.attribute.Reorder-R1,2,3,4,5,7,6-weka.filters.supervised.instance.ClassBalancer-num-intervals10-weka.filters.unsupervised.attribute.Remove-R3',1,weka.classifiers.lazy.IBk,'-K 7 -W 0 -A \"weka.core.neighboursearch.LinearNNSearch -A \\\"weka.core.EuclideanDistance -R first-last\\\"\"',-3080186098777067172,2.02103131828E7,458.0,459.2235409999993,83.71410850970202,105.71039954461386,43.47946442674542,47.98070197099746,0.895497875635132,0.0,0.0,NaN,NaN,NaN,NaN,NaN,NaN,0.0,0.012,0.0,0.015625,0.0,15.625,38522.0,36858.0,34163.0,NaN,NaN,?
'pacman_info-weka.filters.unsupervised.attribute.Remove-R6-8-weka.filters.unsupervised.attribute.Reorder-R1,2,3,4,5,7,6-weka.filters.supervised.instance.ClassBalancer-num-intervals10-weka.filters.unsupervised.attribute.Remove-R4',1,weka.classifiers.lazy.IBk,'-K 7 -W 0 -A \"weka.core.neighboursearch.LinearNNSearch -A \\\"weka.core.EuclideanDistance -R first-last\\\"\"',-3080186098777067172,2.02103131828E7,458.0,459.2235409999993,70.90713770365359,93.08229788377069,36.82777522537962,42.24895575815055,0.9167160062199394,0.0,0.0,NaN,NaN,NaN,NaN,NaN,NaN,0.0,0.012,0.0,0.015625,0.0,15.625,38526.0,36862.0,34167.0,NaN,NaN,?
'pacman_info-weka.filters.unsupervised.attribute.Remove-R6-8-weka.filters.unsupervised.attribute.Reorder-R1,2,3,4,5,7,6-weka.filters.supervised.instance.ClassBalancer-num-intervals10-weka.filters.unsupervised.attribute.Remove-R6',1,weka.classifiers.lazy.IBk,'-K 7 -W 0 -A \"weka.core.neighboursearch.LinearNNSearch -A \\\"weka.core.EuclideanDistance -R first-last\\\"\"',-3080186098777067172,2.02103131828E7,458.0,459.2235409999993,58.843967974590846,72.37728297395158,30.562401700583752,32.85119400554437,0.9493487021092609,0.0,0.0,NaN,NaN,NaN,NaN,NaN,NaN,0.0,0.01,0.0,0.015625,0.0,15.625,38220.0,36556.0,33861.0,NaN,NaN,?
'pacman_info-weka.filters.unsupervised.attribute.Remove-R6-8-weka.filters.unsupervised.attribute.Reorder-R1,2,3,4,5,7,6-weka.filters.supervised.instance.ClassBalancer-num-intervals10-weka.filters.unsupervised.attribute.Remove-R1-2',1,weka.classifiers.lazy.IBk,'-K 7 -W 0 -A \"weka.core.neighboursearch.LinearNNSearch -A \\\"weka.core.EuclideanDistance -R first-last\\\"\"',-3080186098777067172,2.02103131828E7,458.0,459.2235409999993,54.30708769338641,68.61377839358848,28.206035153693154,31.142983721458968,0.9560768960515065,0.0,0.0,NaN,NaN,NaN,NaN,NaN,NaN,0.0,0.011,0.0,0.015625,0.0,15.625,34780.0,33152.0,30737.0,NaN,NaN,?
'pacman_info-weka.filters.unsupervised.attribute.Remove-R6-8-weka.filters.unsupervised.attribute.Reorder-R1,2,3,4,5,7,6-weka.filters.unsupervised.attribute.Normalize-S1.0-T0.0',1,weka.classifiers.lazy.IBk,'-K 7 -W 0 -A \"weka.core.neighboursearch.LinearNNSearch -A \\\"weka.core.EuclideanDistance -R first-last\\\"\"',-3080186098777067172,2.02103131828E7,458.0,423.0,43.000056287290285,65.38574684561415,22.685344847478827,30.475576942787857,0.9573761908999485,0.0,0.0,NaN,NaN,NaN,NaN,NaN,NaN,0.0,0.017,0.0,0.015625,0.0,15.625,42223.0,40523.0,37548.0,NaN,NaN,?
'pacman_info-weka.filters.unsupervised.attribute.Remove-R6-8-weka.filters.unsupervised.attribute.Reorder-R1,2,3,4,5,7,6-weka.filters.unsupervised.attribute.Normalize-S1.0-T0.0-weka.filters.unsupervised.attribute.Remove-R3',1,weka.classifiers.lazy.IBk,'-K 7 -W 0 -A \"weka.core.neighboursearch.LinearNNSearch -A \\\"weka.core.EuclideanDistance -R first-last\\\"\"',-3080186098777067172,2.02103131828E7,458.0,423.0,58.923505572441705,87.6965511732791,31.08600683223466,40.87439727818402,0.9204886607776994,0.0,0.0,NaN,NaN,NaN,NaN,NaN,NaN,0.0,0.013,0.0,0.015625,0.0,15.625,38515.0,36851.0,34156.0,NaN,NaN,?
'pacman_info-weka.filters.unsupervised.attribute.Remove-R6-8-weka.filters.unsupervised.attribute.Reorder-R1,2,3,4,5,7,6-weka.filters.unsupervised.attribute.Normalize-S1.0-T0.0-weka.filters.unsupervised.attribute.Remove-R4',1,weka.classifiers.lazy.IBk,'-K 7 -W 0 -A \"weka.core.neighboursearch.LinearNNSearch -A \\\"weka.core.EuclideanDistance -R first-last\\\"\"',-3080186098777067172,2.02103131828E7,458.0,423.0,43.91109422492397,65.12667862487294,23.165977004010795,30.35482809650991,0.9591128684958468,0.0,0.0,NaN,NaN,NaN,NaN,NaN,NaN,0.001,0.011,0.0,0.015625,0.0,15.625,38519.0,36855.0,34160.0,NaN,NaN,?
'pacman_info-weka.filters.unsupervised.attribute.Remove-R6-8-weka.filters.unsupervised.attribute.Reorder-R1,2,3,4,5,7,6-weka.filters.unsupervised.attribute.Normalize-S1.0-T0.0-weka.filters.unsupervised.attribute.Remove-R6',1,weka.classifiers.lazy.IBk,'-K 7 -W 0 -A \"weka.core.neighboursearch.LinearNNSearch -A \\\"weka.core.EuclideanDistance -R first-last\\\"\"',-3080186098777067172,2.02103131828E7,458.0,423.0,29.811203047018655,46.201142550333316,15.727361306727408,21.533844034265048,0.9787997989814906,0.0,0.0,NaN,NaN,NaN,NaN,NaN,NaN,0.0,0.009,0.0,0.015625,0.0,15.625,38213.0,36549.0,33854.0,NaN,NaN,?
'pacman_info-weka.filters.unsupervised.attribute.Remove-R6-8-weka.filters.unsupervised.attribute.Reorder-R1,2,3,4,5,7,6-weka.filters.unsupervised.attribute.Normalize-S1.0-T0.0-weka.filters.unsupervised.attribute.Remove-R1-2',1,weka.classifiers.lazy.IBk,'-K 7 -W 0 -A \"weka.core.neighboursearch.LinearNNSearch -A \\\"weka.core.EuclideanDistance -R first-last\\\"\"',-3080186098777067172,2.02103131828E7,458.0,423.0,30.507134414049293,52.74846272149198,16.094510664527988,24.58547790359045,0.9710610837487653,0.0,0.0,NaN,NaN,NaN,NaN,NaN,NaN,0.0,0.01,0.0,0.015625,0.0,15.625,34773.0,33145.0,30730.0,NaN,NaN,?
'pacman_info-weka.filters.unsupervised.attribute.Remove-R6-8-weka.filters.unsupervised.attribute.Reorder-R1,2,3,4,5,7,6',1,weka.classifiers.lazy.IBk,'-K 7 -W 0 -A \"weka.core.neighboursearch.LinearNNSearch -A \\\"weka.core.EuclideanDistance -R first-last\\\"\"',-3080186098777067172,2.02103131828E7,458.0,423.0,42.99962773632982,65.38574127283803,22.68511875879053,30.475574345378245,0.9573752572313766,0.0,0.0,NaN,NaN,NaN,NaN,NaN,NaN,0.001,0.012,0.0,0.015625,0.0,15.625,42167.0,40467.0,37492.0,NaN,NaN,?
'pacman_info-weka.filters.unsupervised.attribute.Remove-R6-8-weka.filters.unsupervised.attribute.Reorder-R1,2,3,4,5,7,6-weka.filters.unsupervised.attribute.Remove-R3',1,weka.classifiers.lazy.IBk,'-K 7 -W 0 -A \"weka.core.neighboursearch.LinearNNSearch -A \\\"weka.core.EuclideanDistance -R first-last\\\"\"',-3080186098777067172,2.02103131828E7,458.0,423.0,58.93607938554744,87.72111856682676,31.09264034183859,40.88584786991792,0.9204427178462881,0.0,0.0,NaN,NaN,NaN,NaN,NaN,NaN,0.0,0.011,0.0,0.015625,0.0,15.625,38459.0,36795.0,34100.0,NaN,NaN,?
'pacman_info-weka.filters.unsupervised.attribute.Remove-R6-8-weka.filters.unsupervised.attribute.Reorder-R1,2,3,4,5,7,6-weka.filters.unsupervised.attribute.Remove-R4',1,weka.classifiers.lazy.IBk,'-K 7 -W 0 -A \"weka.core.neighboursearch.LinearNNSearch -A \\\"weka.core.EuclideanDistance -R first-last\\\"\"',-3080186098777067172,2.02103131828E7,458.0,423.0,43.94978047956768,65.12983770991335,23.186386536072483,30.356300511277077,0.9591373192210124,0.0,0.0,NaN,NaN,NaN,NaN,NaN,NaN,0.001,0.01,0.0,0.0,0.0,0.0,38463.0,36799.0,34104.0,NaN,NaN,?
'pacman_info-weka.filters.unsupervised.attribute.Remove-R6-8-weka.filters.unsupervised.attribute.Reorder-R1,2,3,4,5,7,6-weka.filters.unsupervised.attribute.Remove-R6',1,weka.classifiers.lazy.IBk,'-K 7 -W 0 -A \"weka.core.neighboursearch.LinearNNSearch -A \\\"weka.core.EuclideanDistance -R first-last\\\"\"',-3080186098777067172,2.02103131828E7,458.0,423.0,29.812937718966094,46.20155325410313,15.728276459746326,21.534035458771786,0.978799687801379,0.0,0.0,NaN,NaN,NaN,NaN,NaN,NaN,0.0,0.01,0.0,0.0,0.0,0.0,38157.0,36493.0,33798.0,NaN,NaN,?
'pacman_info-weka.filters.unsupervised.attribute.Remove-R6-8-weka.filters.unsupervised.attribute.Reorder-R1,2,3,4,5,7,6-weka.filters.unsupervised.attribute.Remove-R1-2',1,weka.classifiers.lazy.IBk,'-K 7 -W 0 -A \"weka.core.neighboursearch.LinearNNSearch -A \\\"weka.core.EuclideanDistance -R first-last\\\"\"',-3080186098777067172,2.02103131828E7,458.0,423.0,30.545613514407822,52.82066003645675,16.114810909142133,24.619128277462707,0.9709936990273718,0.0,0.0,NaN,NaN,NaN,NaN,NaN,NaN,0.0,0.012,0.0,0.0,0.0,0.0,34717.0,33089.0,30674.0,NaN,NaN,?
'pacman_info-weka.filters.unsupervised.attribute.Remove-R6-8-weka.filters.unsupervised.attribute.Reorder-R1,2,3,4,5,7,6-weka.filters.supervised.instance.ClassBalancer-num-intervals10-weka.filters.supervised.instance.ClassBalancer-num-intervals10',1,weka.classifiers.rules.ZeroR,'',48055541465867954,2.02103131828E7,458.0,413.301138999998,192.53716729171833,220.31863148946923,100.0,100.0,0.0,0.0,0.0,NaN,NaN,NaN,NaN,NaN,NaN,0.0,0.001,0.0,0.0,0.0,0.0,485.0,40593.0,37618.0,NaN,NaN,?
'pacman_info-weka.filters.unsupervised.attribute.Remove-R6-8-weka.filters.unsupervised.attribute.Reorder-R1,2,3,4,5,7,6-weka.filters.supervised.instance.ClassBalancer-num-intervals10-weka.filters.unsupervised.attribute.Remove-R3',1,weka.classifiers.rules.ZeroR,'',48055541465867954,2.02103131828E7,458.0,459.2235409999993,192.53711979535598,220.31857643206607,100.0,100.0,0.0,0.0,0.0,NaN,NaN,NaN,NaN,NaN,NaN,0.0,0.0,0.0,0.0,0.0,0.0,485.0,36858.0,34163.0,NaN,NaN,?
'pacman_info-weka.filters.unsupervised.attribute.Remove-R6-8-weka.filters.unsupervised.attribute.Reorder-R1,2,3,4,5,7,6-weka.filters.supervised.instance.ClassBalancer-num-intervals10-weka.filters.unsupervised.attribute.Remove-R4',1,weka.classifiers.rules.ZeroR,'',48055541465867954,2.02103131828E7,458.0,459.2235409999993,192.53711979535598,220.31857643206607,100.0,100.0,0.0,0.0,0.0,NaN,NaN,NaN,NaN,NaN,NaN,0.0,0.0,0.0,0.0,0.0,0.0,485.0,36862.0,34167.0,NaN,NaN,?
'pacman_info-weka.filters.unsupervised.attribute.Remove-R6-8-weka.filters.unsupervised.attribute.Reorder-R1,2,3,4,5,7,6-weka.filters.supervised.instance.ClassBalancer-num-intervals10-weka.filters.unsupervised.attribute.Remove-R6',1,weka.classifiers.rules.ZeroR,'',48055541465867954,2.02103131828E7,458.0,459.2235409999993,192.53711979535598,220.31857643206607,100.0,100.0,0.0,0.0,0.0,NaN,NaN,NaN,NaN,NaN,NaN,0.0,0.001,0.0,0.0,0.0,0.0,485.0,36556.0,33861.0,NaN,NaN,?
'pacman_info-weka.filters.unsupervised.attribute.Remove-R6-8-weka.filters.unsupervised.attribute.Reorder-R1,2,3,4,5,7,6-weka.filters.supervised.instance.ClassBalancer-num-intervals10-weka.filters.unsupervised.attribute.Remove-R1-2',1,weka.classifiers.rules.ZeroR,'',48055541465867954,2.02103131828E7,458.0,459.2235409999993,192.53711979535598,220.31857643206607,100.0,100.0,0.0,0.0,0.0,NaN,NaN,NaN,NaN,NaN,NaN,0.0,0.0,0.0,0.0,0.0,0.0,485.0,33152.0,30737.0,NaN,NaN,?
'pacman_info-weka.filters.unsupervised.attribute.Remove-R6-8-weka.filters.unsupervised.attribute.Reorder-R1,2,3,4,5,7,6-weka.filters.unsupervised.attribute.Normalize-S1.0-T0.0',1,weka.classifiers.rules.ZeroR,'',48055541465867954,2.02103131828E7,458.0,423.0,189.5499344461989,214.55130109058655,100.0,100.00000000000001,0.0,0.0,0.0,NaN,NaN,NaN,NaN,NaN,NaN,0.001,0.0,0.0,0.0,0.0,0.0,485.0,40523.0,37548.0,NaN,NaN,?
'pacman_info-weka.filters.unsupervised.attribute.Remove-R6-8-weka.filters.unsupervised.attribute.Reorder-R1,2,3,4,5,7,6-weka.filters.unsupervised.attribute.Normalize-S1.0-T0.0-weka.filters.unsupervised.attribute.Remove-R3',1,weka.classifiers.rules.ZeroR,'',48055541465867954,2.02103131828E7,458.0,423.0,189.5499344461989,214.55130109058655,100.0,100.00000000000001,0.0,0.0,0.0,NaN,NaN,NaN,NaN,NaN,NaN,0.0,0.0,0.0,0.0,0.0,0.0,485.0,36851.0,34156.0,NaN,NaN,?
'pacman_info-weka.filters.unsupervised.attribute.Remove-R6-8-weka.filters.unsupervised.attribute.Reorder-R1,2,3,4,5,7,6-weka.filters.unsupervised.attribute.Normalize-S1.0-T0.0-weka.filters.unsupervised.attribute.Remove-R4',1,weka.classifiers.rules.ZeroR,'',48055541465867954,2.02103131828E7,458.0,423.0,189.5499344461989,214.55130109058655,100.0,100.00000000000001,0.0,0.0,0.0,NaN,NaN,NaN,NaN,NaN,NaN,0.0,0.001,0.0,0.0,0.0,0.0,485.0,36855.0,34160.0,NaN,NaN,?
'pacman_info-weka.filters.unsupervised.attribute.Remove-R6-8-weka.filters.unsupervised.attribute.Reorder-R1,2,3,4,5,7,6-weka.filters.unsupervised.attribute.Normalize-S1.0-T0.0-weka.filters.unsupervised.attribute.Remove-R6',1,weka.classifiers.rules.ZeroR,'',48055541465867954,2.02103131828E7,458.0,423.0,189.5499344461989,214.55130109058655,100.0,100.00000000000001,0.0,0.0,0.0,NaN,NaN,NaN,NaN,NaN,NaN,0.0,0.0,0.0,0.0,0.0,0.0,485.0,36549.0,33854.0,NaN,NaN,?
'pacman_info-weka.filters.unsupervised.attribute.Remove-R6-8-weka.filters.unsupervised.attribute.Reorder-R1,2,3,4,5,7,6-weka.filters.unsupervised.attribute.Normalize-S1.0-T0.0-weka.filters.unsupervised.attribute.Remove-R1-2',1,weka.classifiers.rules.ZeroR,'',48055541465867954,2.02103131828E7,458.0,423.0,189.5499344461989,214.55130109058655,100.0,100.00000000000001,0.0,0.0,0.0,NaN,NaN,NaN,NaN,NaN,NaN,0.0,0.0,0.0,0.0,0.0,0.0,485.0,33145.0,30730.0,NaN,NaN,?
'pacman_info-weka.filters.unsupervised.attribute.Remove-R6-8-weka.filters.unsupervised.attribute.Reorder-R1,2,3,4,5,7,6',1,weka.classifiers.rules.ZeroR,'',48055541465867954,2.02103131828E7,458.0,423.0,189.5499344461989,214.55130109058655,100.0,100.00000000000001,0.0,0.0,0.0,NaN,NaN,NaN,NaN,NaN,NaN,0.0,0.0,0.0,0.0,0.0,0.0,485.0,40467.0,37492.0,NaN,NaN,?
'pacman_info-weka.filters.unsupervised.attribute.Remove-R6-8-weka.filters.unsupervised.attribute.Reorder-R1,2,3,4,5,7,6-weka.filters.unsupervised.attribute.Remove-R3',1,weka.classifiers.rules.ZeroR,'',48055541465867954,2.02103131828E7,458.0,423.0,189.5499344461989,214.55130109058655,100.0,100.00000000000001,0.0,0.0,0.0,NaN,NaN,NaN,NaN,NaN,NaN,0.0,0.0,0.0,0.0,0.0,0.0,485.0,36795.0,34100.0,NaN,NaN,?
'pacman_info-weka.filters.unsupervised.attribute.Remove-R6-8-weka.filters.unsupervised.attribute.Reorder-R1,2,3,4,5,7,6-weka.filters.unsupervised.attribute.Remove-R4',1,weka.classifiers.rules.ZeroR,'',48055541465867954,2.02103131828E7,458.0,423.0,189.5499344461989,214.55130109058655,100.0,100.00000000000001,0.0,0.0,0.0,NaN,NaN,NaN,NaN,NaN,NaN,0.0,0.0,0.0,0.0,0.0,0.0,485.0,36799.0,34104.0,NaN,NaN,?
'pacman_info-weka.filters.unsupervised.attribute.Remove-R6-8-weka.filters.unsupervised.attribute.Reorder-R1,2,3,4,5,7,6-weka.filters.unsupervised.attribute.Remove-R6',1,weka.classifiers.rules.ZeroR,'',48055541465867954,2.02103131828E7,458.0,423.0,189.5499344461989,214.55130109058655,100.0,100.00000000000001,0.0,0.0,0.0,NaN,NaN,NaN,NaN,NaN,NaN,0.0,0.0,0.0,0.0,0.0,0.0,485.0,36493.0,33798.0,NaN,NaN,?
'pacman_info-weka.filters.unsupervised.attribute.Remove-R6-8-weka.filters.unsupervised.attribute.Reorder-R1,2,3,4,5,7,6-weka.filters.unsupervised.attribute.Remove-R1-2',1,weka.classifiers.rules.ZeroR,'',48055541465867954,2.02103131828E7,458.0,423.0,189.5499344461989,214.55130109058655,100.0,100.00000000000001,0.0,0.0,0.0,NaN,NaN,NaN,NaN,NaN,NaN,0.0,0.0,0.0,0.0,0.0,0.0,485.0,33089.0,30674.0,NaN,NaN,?
'pacman_info-weka.filters.unsupervised.attribute.Remove-R6-8-weka.filters.unsupervised.attribute.Reorder-R1,2,3,4,5,7,6-weka.filters.supervised.instance.ClassBalancer-num-intervals10-weka.filters.supervised.instance.ClassBalancer-num-intervals10',1,weka.classifiers.functions.LinearRegression,'-S 0 -R 1.0E-8 -num-decimal-places 4',-3364580862046573747,2.02103131828E7,458.0,413.301138999998,80.47290201595911,97.68615413939881,41.79603509697035,44.33858066337345,0.9342596974867252,0.0,0.0,NaN,NaN,NaN,NaN,NaN,NaN,0.084,0.002,0.03125,0.0,31.25,0.0,6713.0,40593.0,37618.0,NaN,NaN,?
'pacman_info-weka.filters.unsupervised.attribute.Remove-R6-8-weka.filters.unsupervised.attribute.Reorder-R1,2,3,4,5,7,6-weka.filters.supervised.instance.ClassBalancer-num-intervals10-weka.filters.unsupervised.attribute.Remove-R3',1,weka.classifiers.functions.LinearRegression,'-S 0 -R 1.0E-8 -num-decimal-places 4',-3364580862046573747,2.02103131828E7,458.0,459.2235409999993,83.94902833769315,101.36237744386835,43.601477173295706,46.00718608724437,0.9345136089889053,0.0,0.0,NaN,NaN,NaN,NaN,NaN,NaN,0.009,0.001,0.015625,0.0,15.625,0.0,6486.0,36858.0,34163.0,NaN,NaN,?
'pacman_info-weka.filters.unsupervised.attribute.Remove-R6-8-weka.filters.unsupervised.attribute.Reorder-R1,2,3,4,5,7,6-weka.filters.supervised.instance.ClassBalancer-num-intervals10-weka.filters.unsupervised.attribute.Remove-R4',1,weka.classifiers.functions.LinearRegression,'-S 0 -R 1.0E-8 -num-decimal-places 4',-3364580862046573747,2.02103131828E7,458.0,459.2235409999993,50.98546376014946,64.55012558809553,26.480848895184955,29.298539702574367,0.9593919080420118,0.0,0.0,NaN,NaN,NaN,NaN,NaN,NaN,0.009,0.0,0.015625,0.0,15.625,0.0,6490.0,36862.0,34167.0,NaN,NaN,?
'pacman_info-weka.filters.unsupervised.attribute.Remove-R6-8-weka.filters.unsupervised.attribute.Reorder-R1,2,3,4,5,7,6-weka.filters.supervised.instance.ClassBalancer-num-intervals10-weka.filters.unsupervised.attribute.Remove-R6',1,weka.classifiers.functions.LinearRegression,'-S 0 -R 1.0E-8 -num-decimal-places 4',-3364580862046573747,2.02103131828E7,458.0,459.2235409999993,80.47290111425268,97.68614794173924,41.796044939171104,44.33858893049819,0.9342596749226997,0.0,0.0,NaN,NaN,NaN,NaN,NaN,NaN,0.005,0.001,0.0,0.015625,0.0,15.625,5543.0,36556.0,33861.0,NaN,NaN,?
'pacman_info-weka.filters.unsupervised.attribute.Remove-R6-8-weka.filters.unsupervised.attribute.Reorder-R1,2,3,4,5,7,6-weka.filters.supervised.instance.ClassBalancer-num-intervals10-weka.filters.unsupervised.attribute.Remove-R1-2',1,weka.classifiers.functions.LinearRegression,'-S 0 -R 1.0E-8 -num-decimal-places 4',-3364580862046573747,2.02103131828E7,458.0,459.2235409999993,71.81784356928084,85.38840034915748,37.3007779723799,38.75678652793333,0.9538722953495034,0.0,0.0,NaN,NaN,NaN,NaN,NaN,NaN,0.005,0.0,0.0,0.0,0.0,0.0,6326.0,33152.0,30737.0,NaN,NaN,?
'pacman_info-weka.filters.unsupervised.attribute.Remove-R6-8-weka.filters.unsupervised.attribute.Reorder-R1,2,3,4,5,7,6-weka.filters.unsupervised.attribute.Normalize-S1.0-T0.0',1,weka.classifiers.functions.LinearRegression,'-S 0 -R 1.0E-8 -num-decimal-places 4',-3364580862046573747,2.02103131828E7,458.0,423.0,31.328080803339276,45.16955799994177,16.527613631135974,21.053033829363986,0.9771025511137592,0.0,0.0,NaN,NaN,NaN,NaN,NaN,NaN,0.006,0.001,0.015625,0.0,15.625,0.0,6503.0,40523.0,37548.0,NaN,NaN,?
'pacman_info-weka.filters.unsupervised.attribute.Remove-R6-8-weka.filters.unsupervised.attribute.Reorder-R1,2,3,4,5,7,6-weka.filters.unsupervised.attribute.Normalize-S1.0-T0.0-weka.filters.unsupervised.attribute.Remove-R3',1,weka.classifiers.functions.LinearRegression,'-S 0 -R 1.0E-8 -num-decimal-places 4',-3364580862046573747,2.02103131828E7,458.0,423.0,30.312044251791747,45.00927188356216,15.99158783164623,20.97832623469322,0.9773219770133632,0.0,0.0,NaN,NaN,NaN,NaN,NaN,NaN,0.004,0.001,0.0,0.0,0.0,0.0,6465.0,36851.0,34156.0,NaN,NaN,?
'pacman_info-weka.filters.unsupervised.attribute.Remove-R6-8-weka.filters.unsupervised.attribute.Reorder-R1,2,3,4,5,7,6-weka.filters.unsupervised.attribute.Normalize-S1.0-T0.0-weka.filters.unsupervised.attribute.Remove-R4',1,weka.classifiers.functions.LinearRegression,'-S 0 -R 1.0E-8 -num-decimal-places 4',-3364580862046573747,2.02103131828E7,458.0,423.0,22.738388127111183,42.9989618186505,11.99598838878267,20.04134283972286,0.9791745989942335,0.0,0.0,NaN,NaN,NaN,NaN,NaN,NaN,0.005,0.001,0.0,0.0,0.0,0.0,6469.0,36855.0,34160.0,NaN,NaN,?
'pacman_info-weka.filters.unsupervised.attribute.Remove-R6-8-weka.filters.unsupervised.attribute.Reorder-R1,2,3,4,5,7,6-weka.filters.unsupervised.attribute.Normalize-S1.0-T0.0-weka.filters.unsupervised.attribute.Remove-R6',1,weka.classifiers.functions.LinearRegression,'-S 0 -R 1.0E-8 -num-decimal-places 4',-3364580862046573747,2.02103131828E7,458.0,423.0,31.328080803339276,45.16955799994177,16.527613631135974,21.053033829363986,0.9771025511137592,0.0,0.0,NaN,NaN,NaN,NaN,NaN,NaN,0.002,0.0,0.0,0.0,0.0,0.0,5522.0,36549.0,33854.0,NaN,NaN,?
'pacman_info-weka.filters.unsupervised.attribute.Remove-R6-8-weka.filters.unsupervised.attribute.Reorder-R1,2,3,4,5,7,6-weka.filters.unsupervised.attribute.Normalize-S1.0-T0.0-weka.filters.unsupervised.attribute.Remove-R1-2',1,weka.classifiers.functions.LinearRegression,'-S 0 -R 1.0E-8 -num-decimal-places 4',-3364580862046573747,2.02103131828E7,458.0,423.0,26.579656933023987,42.193100710525684,14.02250916661132,19.665739846858898,0.9798885976416649,0.0,0.0,NaN,NaN,NaN,NaN,NaN,NaN,0.007,0.001,0.015625,0.0,15.625,0.0,6297.0,33145.0,30730.0,NaN,NaN,?
'pacman_info-weka.filters.unsupervised.attribute.Remove-R6-8-weka.filters.unsupervised.attribute.Reorder-R1,2,3,4,5,7,6',1,weka.classifiers.functions.LinearRegression,'-S 0 -R 1.0E-8 -num-decimal-places 4',-3364580862046573747,2.02103131828E7,458.0,423.0,31.328033790159715,45.1695257341536,16.527588828605868,21.053018790635253,0.9771025813650984,0.0,0.0,NaN,NaN,NaN,NaN,NaN,NaN,0.005,0.001,0.0,0.015625,0.0,15.625,6335.0,40467.0,37492.0,NaN,NaN,?
'pacman_info-weka.filters.unsupervised.attribute.Remove-R6-8-weka.filters.unsupervised.attribute.Reorder-R1,2,3,4,5,7,6-weka.filters.unsupervised.attribute.Remove-R3',1,weka.classifiers.functions.LinearRegression,'-S 0 -R 1.0E-8 -num-decimal-places 4',-3364580862046573747,2.02103131828E7,458.0,423.0,30.312019658562576,45.009249653602254,15.991574857107755,20.97831587355358,0.9773219989696087,0.0,0.0,NaN,NaN,NaN,NaN,NaN,NaN,0.006,0.001,0.0,0.0,0.0,0.0,6297.0,36795.0,34100.0,NaN,NaN,?
'pacman_info-weka.filters.unsupervised.attribute.Remove-R6-8-weka.filters.unsupervised.attribute.Reorder-R1,2,3,4,5,7,6-weka.filters.unsupervised.attribute.Remove-R4',1,weka.classifiers.functions.LinearRegression,'-S 0 -R 1.0E-8 -num-decimal-places 4',-3364580862046573747,2.02103131828E7,458.0,423.0,22.7383872873021,42.99895053104722,11.995987945728396,20.041337578695206,0.9791746107712085,0.0,0.0,NaN,NaN,NaN,NaN,NaN,NaN,0.004,0.001,0.015625,0.0,15.625,0.0,6301.0,36799.0,34104.0,NaN,NaN,?
'pacman_info-weka.filters.unsupervised.attribute.Remove-R6-8-weka.filters.unsupervised.attribute.Reorder-R1,2,3,4,5,7,6-weka.filters.unsupervised.attribute.Remove-R6',1,weka.classifiers.functions.LinearRegression,'-S 0 -R 1.0E-8 -num-decimal-places 4',-3364580862046573747,2.02103131828E7,458.0,423.0,31.328033790159715,45.1695257341536,16.527588828605868,21.053018790635253,0.9771025813650984,0.0,0.0,NaN,NaN,NaN,NaN,NaN,NaN,0.001,0.001,0.0,0.0,0.0,0.0,5354.0,36493.0,33798.0,NaN,NaN,?
'pacman_info-weka.filters.unsupervised.attribute.Remove-R6-8-weka.filters.unsupervised.attribute.Reorder-R1,2,3,4,5,7,6-weka.filters.unsupervised.attribute.Remove-R1-2',1,weka.classifiers.functions.LinearRegression,'-S 0 -R 1.0E-8 -num-decimal-places 4',-3364580862046573747,2.02103131828E7,458.0,423.0,26.57963428393988,42.193086748025586,14.022497217736646,19.66573333909128,0.9798886110865362,0.0,0.0,NaN,NaN,NaN,NaN,NaN,NaN,0.004,0.0,0.0,0.0,0.0,0.0,6129.0,33089.0,30674.0,NaN,NaN,?
'pacman_info-weka.filters.unsupervised.attribute.Remove-R6-8-weka.filters.unsupervised.attribute.Reorder-R1,2,3,4,5,7,6-weka.filters.supervised.instance.ClassBalancer-num-intervals10-weka.filters.supervised.instance.ClassBalancer-num-intervals10',1,weka.classifiers.functions.GaussianProcesses,'-L 1.0 -N 0 -K \"weka.classifiers.functions.supportVector.PolyKernel -E 1.0 -C 250007\" -S 1',-8620066949967678545,2.02103131828E7,458.0,413.301138999998,74.21031826882827,88.42348033932578,38.54337285246863,40.134363463288054,0.9424101630260209,0.0,0.0,4102.0968107033605,4542.098043110549,-440.0012324071886,9.92520083692143,10.989802868921132,-1.0646020319997007,0.257,0.224,0.25,0.234375,250.0,234.375,1748268.0,40593.0,37618.0,100.0,399.66213563715803,?
'pacman_info-weka.filters.unsupervised.attribute.Remove-R6-8-weka.filters.unsupervised.attribute.Reorder-R1,2,3,4,5,7,6-weka.filters.supervised.instance.ClassBalancer-num-intervals10-weka.filters.unsupervised.attribute.Remove-R3',1,weka.classifiers.functions.GaussianProcesses,'-L 1.0 -N 0 -K \"weka.classifiers.functions.supportVector.PolyKernel -E 1.0 -C 250007\" -S 1',-8620066949967678545,2.02103131828E7,458.0,459.2235409999993,71.92484288086753,82.53865375125355,37.35635131413364,37.463320201101546,0.9485566857244879,0.0,0.0,4563.242091451832,5044.8115802912625,-481.56948883943096,9.936864476753465,10.985524760568122,-1.0486602838146568,0.119,0.166,0.109375,0.171875,109.375,171.875,1744358.0,36858.0,34163.0,100.0,398.7754900798791,?
'pacman_info-weka.filters.unsupervised.attribute.Remove-R6-8-weka.filters.unsupervised.attribute.Reorder-R1,2,3,4,5,7,6-weka.filters.supervised.instance.ClassBalancer-num-intervals10-weka.filters.unsupervised.attribute.Remove-R4',1,weka.classifiers.functions.GaussianProcesses,'-L 1.0 -N 0 -K \"weka.classifiers.functions.supportVector.PolyKernel -E 1.0 -C 250007\" -S 1',-8620066949967678545,2.02103131828E7,458.0,459.2235409999993,50.25765578278594,64.49168211361904,26.102839720571204,29.27201289969512,0.9592310015022177,0.0,0.0,4563.242091451832,5041.264441721965,-478.02235027013376,9.936864476753465,10.977800551653282,-1.0409360748998155,0.124,0.157,0.125,0.15625,125.0,156.25,1744362.0,36862.0,34167.0,100.0,397.43757343096826,?
'pacman_info-weka.filters.unsupervised.attribute.Remove-R6-8-weka.filters.unsupervised.attribute.Reorder-R1,2,3,4,5,7,6-weka.filters.supervised.instance.ClassBalancer-num-intervals10-weka.filters.unsupervised.attribute.Remove-R6',1,weka.classifiers.functions.GaussianProcesses,'-L 1.0 -N 0 -K \"weka.classifiers.functions.supportVector.PolyKernel -E 1.0 -C 250007\" -S 1',-8620066949967678545,2.02103131828E7,458.0,459.2235409999993,75.4555660584422,89.51778314891156,39.19013961497008,40.631064614977596,0.9413542316090532,0.0,0.0,4563.242091451832,5041.987768246872,-478.7456767950407,9.936864476753465,10.979375659330323,-1.0425111825768563,0.146,0.158,0.140625,0.15625,140.625,156.25,1727240.0,36556.0,33861.0,100.0,396.68152931740536,?
'pacman_info-weka.filters.unsupervised.attribute.Remove-R6-8-weka.filters.unsupervised.attribute.Reorder-R1,2,3,4,5,7,6-weka.filters.supervised.instance.ClassBalancer-num-intervals10-weka.filters.unsupervised.attribute.Remove-R1-2',1,weka.classifiers.functions.GaussianProcesses,'-L 1.0 -N 0 -K \"weka.classifiers.functions.supportVector.PolyKernel -E 1.0 -C 250007\" -S 1',-8620066949967678545,2.02103131828E7,458.0,459.2235409999993,68.3379732743133,79.75962287302721,35.493401660390695,36.201950904317236,0.9507262532816514,0.0,0.0,4563.242091451832,5040.670652481561,-477.4285610297293,9.936864476753465,10.976507522904992,-1.0396430461515256,0.118,0.156,0.125,0.15625,125.0,156.25,1740534.0,33152.0,30737.0,100.0,396.3854767002863,?
'pacman_info-weka.filters.unsupervised.attribute.Remove-R6-8-weka.filters.unsupervised.attribute.Reorder-R1,2,3,4,5,7,6-weka.filters.unsupervised.attribute.Normalize-S1.0-T0.0',1,weka.classifiers.functions.GaussianProcesses,'-L 1.0 -N 0 -K \"weka.classifiers.functions.supportVector.PolyKernel -E 1.0 -C 250007\" -S 1',-8620066949967678545,2.02103131828E7,458.0,423.0,29.984713026137513,43.230995078941156,15.818899180177905,20.149490988492506,0.9788216629159232,0.0,0.0,3854.327621135995,4642.452329758568,-788.1247086225735,9.111885629163108,10.975064609358318,-1.8631789801952092,0.119,0.169,0.125,0.15625,125.0,156.25,1747988.0,40523.0,37548.0,100.0,397.3902773277946,?
'pacman_info-weka.filters.unsupervised.attribute.Remove-R6-8-weka.filters.unsupervised.attribute.Reorder-R1,2,3,4,5,7,6-weka.filters.unsupervised.attribute.Normalize-S1.0-T0.0-weka.filters.unsupervised.attribute.Remove-R3',1,weka.classifiers.functions.GaussianProcesses,'-L 1.0 -N 0 -K \"weka.classifiers.functions.supportVector.PolyKernel -E 1.0 -C 250007\" -S 1',-8620066949967678545,2.02103131828E7,458.0,423.0,29.970263543888116,44.027469407937375,15.811276132303153,20.520718906919313,0.978236575463113,0.0,0.0,3854.327621135995,4642.35180746541,-788.0241863294154,9.111885629163108,10.974826968003335,-1.8629413388402256,0.117,0.154,0.109375,0.140625,109.375,140.625,1744330.0,36851.0,34156.0,100.0,397.30360614078967,?
'pacman_info-weka.filters.unsupervised.attribute.Remove-R6-8-weka.filters.unsupervised.attribute.Reorder-R1,2,3,4,5,7,6-weka.filters.unsupervised.attribute.Normalize-S1.0-T0.0-weka.filters.unsupervised.attribute.Remove-R4',1,weka.classifiers.functions.GaussianProcesses,'-L 1.0 -N 0 -K \"weka.classifiers.functions.supportVector.PolyKernel -E 1.0 -C 250007\" -S 1',-8620066949967678545,2.02103131828E7,458.0,423.0,30.065060617599347,44.787070912778056,15.861287794922923,20.874760807844428,0.9791126853392695,0.0,0.0,3854.327621135995,4640.9644257329255,-786.6368045969307,9.111885629163108,10.971547105751597,-1.8596614765884887,0.113,0.151,0.109375,0.15625,109.375,156.25,1744334.0,36855.0,34160.0,100.0,396.37150227126153,?
'pacman_info-weka.filters.unsupervised.attribute.Remove-R6-8-weka.filters.unsupervised.attribute.Reorder-R1,2,3,4,5,7,6-weka.filters.unsupervised.attribute.Normalize-S1.0-T0.0-weka.filters.unsupervised.attribute.Remove-R6',1,weka.classifiers.functions.GaussianProcesses,'-L 1.0 -N 0 -K \"weka.classifiers.functions.supportVector.PolyKernel -E 1.0 -C 250007\" -S 1',-8620066949967678545,2.02103131828E7,458.0,423.0,29.993092026388958,43.50984134514371,15.823319651372435,20.279458164074825,0.9785299577920261,0.0,0.0,3854.327621135995,4639.2693194917,-784.9416983557053,9.111885629163108,10.967539762391725,-1.8556541332286176,0.119,0.153,0.125,0.140625,125.0,140.625,1727219.0,36549.0,33854.0,100.0,395.3062964035005,?
'pacman_info-weka.filters.unsupervised.attribute.Remove-R6-8-weka.filters.unsupervised.attribute.Reorder-R1,2,3,4,5,7,6-weka.filters.unsupervised.attribute.Normalize-S1.0-T0.0-weka.filters.unsupervised.attribute.Remove-R1-2',1,weka.classifiers.functions.GaussianProcesses,'-L 1.0 -N 0 -K \"weka.classifiers.functions.supportVector.PolyKernel -E 1.0 -C 250007\" -S 1',-8620066949967678545,2.02103131828E7,458.0,423.0,27.881494262362565,41.67090650655806,14.709313587378917,19.42235087587002,0.9803822856812923,0.0,0.0,3854.327621135995,4639.601208849483,-785.2735877134878,9.111885629163108,10.96832437080256,-1.856438741639451,0.112,0.15,0.109375,0.15625,109.375,156.25,1740506.0,33145.0,30730.0,100.0,395.56550256069136,?
'pacman_info-weka.filters.unsupervised.attribute.Remove-R6-8-weka.filters.unsupervised.attribute.Reorder-R1,2,3,4,5,7,6',1,weka.classifiers.functions.GaussianProcesses,'-L 1.0 -N 0 -K \"weka.classifiers.functions.supportVector.PolyKernel -E 1.0 -C 250007\" -S 1',-8620066949967678545,2.02103131828E7,458.0,423.0,29.984677830810988,43.230973687615894,15.81888061233897,20.149481018231242,0.9788216840810239,0.0,0.0,3854.327621135995,4642.452326669433,-788.1247055334384,9.111885629163108,10.975064602055397,-1.8631789728922894,0.113,0.152,0.109375,0.15625,109.375,156.25,1747764.0,40467.0,37492.0,100.0,397.39027586342365,?
'pacman_info-weka.filters.unsupervised.attribute.Remove-R6-8-weka.filters.unsupervised.attribute.Reorder-R1,2,3,4,5,7,6-weka.filters.unsupervised.attribute.Remove-R3',1,weka.classifiers.functions.GaussianProcesses,'-L 1.0 -N 0 -K \"weka.classifiers.functions.supportVector.PolyKernel -E 1.0 -C 250007\" -S 1',-8620066949967678545,2.02103131828E7,458.0,423.0,29.970244102173947,44.02745536475084,15.811265875526104,20.520712361544632,0.9782365894439798,0.0,0.0,3854.327621135995,4642.351804703193,-788.0241835671982,9.111885629163108,10.97482696147327,-1.8629413323101611,0.115,0.151,0.125,0.140625,125.0,140.625,1744106.0,36795.0,34100.0,100.0,397.30360470644666,?
'pacman_info-weka.filters.unsupervised.attribute.Remove-R6-8-weka.filters.unsupervised.attribute.Reorder-R1,2,3,4,5,7,6-weka.filters.unsupervised.attribute.Remove-R4',1,weka.classifiers.functions.GaussianProcesses,'-L 1.0 -N 0 -K \"weka.classifiers.functions.supportVector.PolyKernel -E 1.0 -C 250007\" -S 1',-8620066949967678545,2.02103131828E7,458.0,423.0,30.065056157006406,44.787067469780354,15.861285441668118,20.874759203101092,0.9791126879639771,0.0,0.0,3854.327621135995,4640.964423869984,-786.636802733989,9.111885629163108,10.971547101347479,-1.8596614721843712,0.113,0.159,0.109375,0.15625,109.375,156.25,1744110.0,36799.0,34104.0,100.0,396.37150114957564,?
'pacman_info-weka.filters.unsupervised.attribute.Remove-R6-8-weka.filters.unsupervised.attribute.Reorder-R1,2,3,4,5,7,6-weka.filters.unsupervised.attribute.Remove-R6',1,weka.classifiers.functions.GaussianProcesses,'-L 1.0 -N 0 -K \"weka.classifiers.functions.supportVector.PolyKernel -E 1.0 -C 250007\" -S 1',-8620066949967678545,2.02103131828E7,458.0,423.0,29.993054541526465,43.509818084585596,15.823299875653387,20.2794473225847,0.9785299803654487,0.0,0.0,3854.327621135995,4639.269316388083,-784.9416952520883,9.111885629163108,10.96753975505457,-1.8556541258914616,0.112,0.147,0.109375,0.15625,109.375,156.25,1727051.0,36493.0,33798.0,100.0,395.30629500127515,?
'pacman_info-weka.filters.unsupervised.attribute.Remove-R6-8-weka.filters.unsupervised.attribute.Reorder-R1,2,3,4,5,7,6-weka.filters.unsupervised.attribute.Remove-R1-2',1,weka.classifiers.functions.GaussianProcesses,'-L 1.0 -N 0 -K \"weka.classifiers.functions.supportVector.PolyKernel -E 1.0 -C 250007\" -S 1',-8620066949967678545,2.02103131828E7,458.0,423.0,27.881473484510927,41.67089761653094,14.709302625701879,19.422346732326226,0.9803822947524479,0.0,0.0,3854.327621135995,4639.601208281262,-785.2735871452674,9.111885629163108,10.968324369459248,-1.8564387402961404,0.12,0.165,0.125,0.15625,125.0,156.25,1740282.0,33089.0,30674.0,100.0,395.56550241656834,?
