Key_Dataset,Key_Run,Key_Scheme,Key_Scheme_options,Key_Scheme_version_ID,Date_time,Number_of_training_instances,Number_of_testing_instances,Mean_absolute_error,Root_mean_squared_error,Relative_absolute_error,Root_relative_squared_error,Correlation_coefficient,Number_unclassified,Percent_unclassified,SF_prior_entropy,SF_scheme_entropy,SF_entropy_gain,SF_mean_prior_entropy,SF_mean_scheme_entropy,SF_mean_entropy_gain,Elapsed_Time_training,Elapsed_Time_testing,UserCPU_Time_training,UserCPU_Time_testing,UserCPU_Time_millis_training,UserCPU_Time_millis_testing,Serialized_Model_Size,Serialized_Train_Set_Size,Serialized_Test_Set_Size,Coverage_of_Test_Cases_By_Regions,Size_of_Predicted_Regions,Summary
'pacman_info-weka.filters.unsupervised.attribute.Remove-R6-8-weka.filters.unsupervised.attribute.Reorder-R1,2,3,4,5,7,6-weka.filters.supervised.instance.ClassBalancer-num-intervals10-weka.filters.supervised.instance.ClassBalancer-num-intervals10-weka.filters.unsupervised.attribute.Remove-R3',1,weka.classifiers.lazy.IBk,'-K 1 -W 0 -A \"weka.core.neighboursearch.LinearNNSearch -A \\\"weka.core.EuclideanDistance -R first-last\\\"\"',-3080186098777067172,2.021031319E7,586.0,342.55008899999825,78.63844124197996,102.60804652880087,42.267885501693506,48.034416445492674,0.9156282408797296,0.0,0.0,NaN,NaN,NaN,NaN,NaN,NaN,0.0,0.009,0.0,0.015625,0.0,15.625,48393.0,46777.0,24370.0,NaN,NaN,?
'pacman_info-weka.filters.unsupervised.attribute.Remove-R6-8-weka.filters.unsupervised.attribute.Reorder-R1,2,3,4,5,7,6-weka.filters.supervised.instance.ClassBalancer-num-intervals10-weka.filters.supervised.instance.ClassBalancer-num-intervals10-weka.filters.unsupervised.attribute.Remove-R4',1,weka.classifiers.lazy.IBk,'-K 1 -W 0 -A \"weka.core.neighboursearch.LinearNNSearch -A \\\"weka.core.EuclideanDistance -R first-last\\\"\"',-3080186098777067172,2.021031319E7,586.0,342.55008899999825,86.3417568994033,111.82851979501108,46.40839056574295,52.3508425707026,0.895226662821724,0.0,0.0,NaN,NaN,NaN,NaN,NaN,NaN,0.001,0.006,0.0,0.0,0.0,0.0,48397.0,46781.0,24374.0,NaN,NaN,?
'pacman_info-weka.filters.unsupervised.attribute.Remove-R6-8-weka.filters.unsupervised.attribute.Reorder-R1,2,3,4,5,7,6-weka.filters.supervised.instance.ClassBalancer-num-intervals10-weka.filters.supervised.instance.ClassBalancer-num-intervals10-weka.filters.unsupervised.attribute.Remove-R6',1,weka.classifiers.lazy.IBk,'-K 1 -W 0 -A \"weka.core.neighboursearch.LinearNNSearch -A \\\"weka.core.EuclideanDistance -R first-last\\\"\"',-3080186098777067172,2.021031319E7,586.0,342.55008899999825,56.0026994909013,71.58092818663597,30.10125394758608,33.509536828641146,0.9584114450334892,0.0,0.0,NaN,NaN,NaN,NaN,NaN,NaN,0.0,0.012,0.0,0.0,0.0,0.0,48091.0,46475.0,24068.0,NaN,NaN,?
'pacman_info-weka.filters.unsupervised.attribute.Remove-R6-8-weka.filters.unsupervised.attribute.Reorder-R1,2,3,4,5,7,6-weka.filters.supervised.instance.ClassBalancer-num-intervals10-weka.filters.supervised.instance.ClassBalancer-num-intervals10-weka.filters.unsupervised.attribute.Remove-R1-2',1,weka.classifiers.lazy.IBk,'-K 1 -W 0 -A \"weka.core.neighboursearch.LinearNNSearch -A \\\"weka.core.EuclideanDistance -R first-last\\\"\"',-3080186098777067172,2.021031319E7,586.0,342.55008899999825,48.67961459871169,64.5007382767515,26.165121582121373,30.195052222903076,0.9697607213602131,0.0,0.0,NaN,NaN,NaN,NaN,NaN,NaN,0.0,0.007,0.0,0.0,0.0,0.0,43627.0,42047.0,21968.0,NaN,NaN,?
'pacman_info-weka.filters.unsupervised.attribute.Remove-R6-8-weka.filters.unsupervised.attribute.Reorder-R1,2,3,4,5,7,6-weka.filters.unsupervised.attribute.Normalize-S1.0-T0.0',1,weka.classifiers.lazy.IBk,'-K 1 -W 0 -A \"weka.core.neighboursearch.LinearNNSearch -A \\\"weka.core.EuclideanDistance -R first-last\\\"\"',-3080186098777067172,2.021031319E7,458.0,230.0,20.77391304347826,54.593756610711125,10.241172929268126,24.02055121756949,0.9707134812482738,0.0,0.0,NaN,NaN,NaN,NaN,NaN,NaN,0.0,0.005,0.0,0.0,0.0,0.0,42175.0,40523.0,21143.0,NaN,NaN,?
'pacman_info-weka.filters.unsupervised.attribute.Remove-R6-8-weka.filters.unsupervised.attribute.Reorder-R1,2,3,4,5,7,6-weka.filters.unsupervised.attribute.Normalize-S1.0-T0.0-weka.filters.unsupervised.attribute.Remove-R3',1,weka.classifiers.lazy.IBk,'-K 1 -W 0 -A \"weka.core.neighboursearch.LinearNNSearch -A \\\"weka.core.EuclideanDistance -R first-last\\\"\"',-3080186098777067172,2.021031319E7,458.0,230.0,24.721739130434784,63.32943542543505,12.187381598120254,27.864137616753894,0.9603585575058873,0.0,0.0,NaN,NaN,NaN,NaN,NaN,NaN,0.0,0.004,0.0,0.0,0.0,0.0,38467.0,36851.0,19295.0,NaN,NaN,?
'pacman_info-weka.filters.unsupervised.attribute.Remove-R6-8-weka.filters.unsupervised.attribute.Reorder-R1,2,3,4,5,7,6-weka.filters.unsupervised.attribute.Normalize-S1.0-T0.0-weka.filters.unsupervised.attribute.Remove-R4',1,weka.classifiers.lazy.IBk,'-K 1 -W 0 -A \"weka.core.neighboursearch.LinearNNSearch -A \\\"weka.core.EuclideanDistance -R first-last\\\"\"',-3080186098777067172,2.021031319E7,458.0,230.0,38.426086956521736,82.22292074386664,18.94338349704305,36.17702831973114,0.9328792247100246,0.0,0.0,NaN,NaN,NaN,NaN,NaN,NaN,0.0,0.003,0.0,0.0,0.0,0.0,38471.0,36855.0,19299.0,NaN,NaN,?
'pacman_info-weka.filters.unsupervised.attribute.Remove-R6-8-weka.filters.unsupervised.attribute.Reorder-R1,2,3,4,5,7,6-weka.filters.unsupervised.attribute.Normalize-S1.0-T0.0-weka.filters.unsupervised.attribute.Remove-R6',1,weka.classifiers.lazy.IBk,'-K 1 -W 0 -A \"weka.core.neighboursearch.LinearNNSearch -A \\\"weka.core.EuclideanDistance -R first-last\\\"\"',-3080186098777067172,2.021031319E7,458.0,230.0,19.282608695652176,51.77992728427897,9.505986174404384,22.782502479963444,0.9736808197648206,0.0,0.0,NaN,NaN,NaN,NaN,NaN,NaN,0.0,0.003,0.0,0.015625,0.0,15.625,38165.0,36549.0,18993.0,NaN,NaN,?
'pacman_info-weka.filters.unsupervised.attribute.Remove-R6-8-weka.filters.unsupervised.attribute.Reorder-R1,2,3,4,5,7,6-weka.filters.unsupervised.attribute.Normalize-S1.0-T0.0-weka.filters.unsupervised.attribute.Remove-R1-2',1,weka.classifiers.lazy.IBk,'-K 1 -W 0 -A \"weka.core.neighboursearch.LinearNNSearch -A \\\"weka.core.EuclideanDistance -R first-last\\\"\"',-3080186098777067172,2.021031319E7,458.0,230.0,10.947826086956521,35.295153011241595,5.397085273314596,15.52941367790293,0.988041567471671,0.0,0.0,NaN,NaN,NaN,NaN,NaN,NaN,0.0,0.003,0.0,0.0,0.0,0.0,34725.0,33145.0,17413.0,NaN,NaN,?
'pacman_info-weka.filters.unsupervised.attribute.Remove-R6-8-weka.filters.unsupervised.attribute.Reorder-R1,2,3,4,5,7,6',1,weka.classifiers.lazy.IBk,'-K 1 -W 0 -A \"weka.core.neighboursearch.LinearNNSearch -A \\\"weka.core.EuclideanDistance -R first-last\\\"\"',-3080186098777067172,2.021031319E7,458.0,230.0,20.77391304347826,54.593756610711125,10.241172929268126,24.02055121756949,0.9707134812482738,0.0,0.0,NaN,NaN,NaN,NaN,NaN,NaN,0.0,0.005,0.0,0.0,0.0,0.0,42119.0,40467.0,21087.0,NaN,NaN,?
'pacman_info-weka.filters.unsupervised.attribute.Remove-R6-8-weka.filters.unsupervised.attribute.Reorder-R1,2,3,4,5,7,6-weka.filters.unsupervised.attribute.Remove-R3',1,weka.classifiers.lazy.IBk,'-K 1 -W 0 -A \"weka.core.neighboursearch.LinearNNSearch -A \\\"weka.core.EuclideanDistance -R first-last\\\"\"',-3080186098777067172,2.021031319E7,458.0,230.0,24.721739130434784,63.32943542543505,12.187381598120254,27.864137616753894,0.9603585575058873,0.0,0.0,NaN,NaN,NaN,NaN,NaN,NaN,0.0,0.004,0.0,0.0,0.0,0.0,38411.0,36795.0,19239.0,NaN,NaN,?
'pacman_info-weka.filters.unsupervised.attribute.Remove-R6-8-weka.filters.unsupervised.attribute.Reorder-R1,2,3,4,5,7,6-weka.filters.unsupervised.attribute.Remove-R4',1,weka.classifiers.lazy.IBk,'-K 1 -W 0 -A \"weka.core.neighboursearch.LinearNNSearch -A \\\"weka.core.EuclideanDistance -R first-last\\\"\"',-3080186098777067172,2.021031319E7,458.0,230.0,38.426086956521736,82.22292074386664,18.94338349704305,36.17702831973114,0.9328792247100246,0.0,0.0,NaN,NaN,NaN,NaN,NaN,NaN,0.0,0.004,0.0,0.0,0.0,0.0,38415.0,36799.0,19243.0,NaN,NaN,?
'pacman_info-weka.filters.unsupervised.attribute.Remove-R6-8-weka.filters.unsupervised.attribute.Reorder-R1,2,3,4,5,7,6-weka.filters.unsupervised.attribute.Remove-R6',1,weka.classifiers.lazy.IBk,'-K 1 -W 0 -A \"weka.core.neighboursearch.LinearNNSearch -A \\\"weka.core.EuclideanDistance -R first-last\\\"\"',-3080186098777067172,2.021031319E7,458.0,230.0,19.282608695652176,51.77992728427897,9.505986174404384,22.782502479963444,0.9736808197648206,0.0,0.0,NaN,NaN,NaN,NaN,NaN,NaN,0.0,0.005,0.0,0.015625,0.0,15.625,38109.0,36493.0,18937.0,NaN,NaN,?
'pacman_info-weka.filters.unsupervised.attribute.Remove-R6-8-weka.filters.unsupervised.attribute.Reorder-R1,2,3,4,5,7,6-weka.filters.unsupervised.attribute.Remove-R1-2',1,weka.classifiers.lazy.IBk,'-K 1 -W 0 -A \"weka.core.neighboursearch.LinearNNSearch -A \\\"weka.core.EuclideanDistance -R first-last\\\"\"',-3080186098777067172,2.021031319E7,458.0,230.0,10.952173913043477,35.29591264261858,5.399228674932275,15.529747905945294,0.9880378446764198,0.0,0.0,NaN,NaN,NaN,NaN,NaN,NaN,0.0,0.004,0.0,0.0,0.0,0.0,34669.0,33089.0,17357.0,NaN,NaN,?
'pacman_info-weka.filters.unsupervised.attribute.Remove-R6-8-weka.filters.unsupervised.attribute.Reorder-R1,2,3,4,5,7,6-weka.filters.supervised.instance.ClassBalancer-num-intervals10',1,weka.classifiers.lazy.IBk,'-K 1 -W 0 -A \"weka.core.neighboursearch.LinearNNSearch -A \\\"weka.core.EuclideanDistance -R first-last\\\"\"',-3080186098777067172,2.021031319E7,458.0,162.33942900000028,34.28286236611064,75.44337879464607,17.922997563111917,32.1885862960533,0.9524093741387074,0.0,0.0,NaN,NaN,NaN,NaN,NaN,NaN,0.0,0.005,0.0,0.015625,0.0,15.625,42182.0,40530.0,21150.0,NaN,NaN,?
'pacman_info-weka.filters.unsupervised.attribute.Remove-R6-8-weka.filters.unsupervised.attribute.Reorder-R1,2,3,4,5,7,6-weka.filters.supervised.instance.ClassBalancer-num-intervals10-weka.filters.supervised.instance.ClassBalancer-num-intervals10-weka.filters.unsupervised.attribute.Remove-R3',1,weka.classifiers.lazy.IBk,'-K 3 -W 0 -A \"weka.core.neighboursearch.LinearNNSearch -A \\\"weka.core.EuclideanDistance -R first-last\\\"\"',-3080186098777067172,2.021031319E7,586.0,342.55008899999825,78.76516803971452,99.82904875864284,42.336000709625445,46.7334703627174,0.9203571706676205,0.0,0.0,NaN,NaN,NaN,NaN,NaN,NaN,0.0,0.008,0.0,0.0,0.0,0.0,48409.0,46777.0,24370.0,NaN,NaN,?
'pacman_info-weka.filters.unsupervised.attribute.Remove-R6-8-weka.filters.unsupervised.attribute.Reorder-R1,2,3,4,5,7,6-weka.filters.supervised.instance.ClassBalancer-num-intervals10-weka.filters.supervised.instance.ClassBalancer-num-intervals10-weka.filters.unsupervised.attribute.Remove-R4',1,weka.classifiers.lazy.IBk,'-K 3 -W 0 -A \"weka.core.neighboursearch.LinearNNSearch -A \\\"weka.core.EuclideanDistance -R first-last\\\"\"',-3080186098777067172,2.021031319E7,586.0,342.55008899999825,73.95913852383461,91.9850154074212,39.75277675341955,43.06140391811205,0.9243962940100525,0.0,0.0,NaN,NaN,NaN,NaN,NaN,NaN,0.0,0.008,0.0,0.015625,0.0,15.625,48413.0,46781.0,24374.0,NaN,NaN,?
'pacman_info-weka.filters.unsupervised.attribute.Remove-R6-8-weka.filters.unsupervised.attribute.Reorder-R1,2,3,4,5,7,6-weka.filters.supervised.instance.ClassBalancer-num-intervals10-weka.filters.supervised.instance.ClassBalancer-num-intervals10-weka.filters.unsupervised.attribute.Remove-R6',1,weka.classifiers.lazy.IBk,'-K 3 -W 0 -A \"weka.core.neighboursearch.LinearNNSearch -A \\\"weka.core.EuclideanDistance -R first-last\\\"\"',-3080186098777067172,2.021031319E7,586.0,342.55008899999825,58.82003020341825,73.41620182466409,31.615559293627204,34.36869262784771,0.9556791273734988,0.0,0.0,NaN,NaN,NaN,NaN,NaN,NaN,0.0,0.008,0.0,0.015625,0.0,15.625,48107.0,46475.0,24068.0,NaN,NaN,?
'pacman_info-weka.filters.unsupervised.attribute.Remove-R6-8-weka.filters.unsupervised.attribute.Reorder-R1,2,3,4,5,7,6-weka.filters.supervised.instance.ClassBalancer-num-intervals10-weka.filters.supervised.instance.ClassBalancer-num-intervals10-weka.filters.unsupervised.attribute.Remove-R1-2',1,weka.classifiers.lazy.IBk,'-K 3 -W 0 -A \"weka.core.neighboursearch.LinearNNSearch -A \\\"weka.core.EuclideanDistance -R first-last\\\"\"',-3080186098777067172,2.021031319E7,586.0,342.55008899999825,46.24865409516295,59.24724012791691,24.85848886407247,27.735705939510822,0.9761856965888798,0.0,0.0,NaN,NaN,NaN,NaN,NaN,NaN,0.0,0.007,0.0,0.0,0.0,0.0,43643.0,42047.0,21968.0,NaN,NaN,?
'pacman_info-weka.filters.unsupervised.attribute.Remove-R6-8-weka.filters.unsupervised.attribute.Reorder-R1,2,3,4,5,7,6-weka.filters.unsupervised.attribute.Normalize-S1.0-T0.0',1,weka.classifiers.lazy.IBk,'-K 3 -W 0 -A \"weka.core.neighboursearch.LinearNNSearch -A \\\"weka.core.EuclideanDistance -R first-last\\\"\"',-3080186098777067172,2.021031319E7,458.0,230.0,28.024420289855048,53.25105144002887,13.815545190269164,23.42977820019958,0.9725186999738709,0.0,0.0,NaN,NaN,NaN,NaN,NaN,NaN,0.0,0.005,0.0,0.015625,0.0,15.625,42191.0,40523.0,21143.0,NaN,NaN,?
'pacman_info-weka.filters.unsupervised.attribute.Remove-R6-8-weka.filters.unsupervised.attribute.Reorder-R1,2,3,4,5,7,6-weka.filters.unsupervised.attribute.Normalize-S1.0-T0.0-weka.filters.unsupervised.attribute.Remove-R3',1,weka.classifiers.lazy.IBk,'-K 3 -W 0 -A \"weka.core.neighboursearch.LinearNNSearch -A \\\"weka.core.EuclideanDistance -R first-last\\\"\"',-3080186098777067172,2.021031319E7,458.0,230.0,33.72586956521737,63.92047509580504,16.626259178251644,28.1241874751099,0.9599291238658682,0.0,0.0,NaN,NaN,NaN,NaN,NaN,NaN,0.0,0.004,0.0,0.0,0.0,0.0,38483.0,36851.0,19295.0,NaN,NaN,?
'pacman_info-weka.filters.unsupervised.attribute.Remove-R6-8-weka.filters.unsupervised.attribute.Reorder-R1,2,3,4,5,7,6-weka.filters.unsupervised.attribute.Normalize-S1.0-T0.0-weka.filters.unsupervised.attribute.Remove-R4',1,weka.classifiers.lazy.IBk,'-K 3 -W 0 -A \"weka.core.neighboursearch.LinearNNSearch -A \\\"weka.core.EuclideanDistance -R first-last\\\"\"',-3080186098777067172,2.021031319E7,458.0,230.0,30.551449275362327,57.63873622004112,15.06132593382425,25.360303108686207,0.967622299939431,0.0,0.0,NaN,NaN,NaN,NaN,NaN,NaN,0.0,0.004,0.0,0.0,0.0,0.0,38487.0,36855.0,19299.0,NaN,NaN,?
'pacman_info-weka.filters.unsupervised.attribute.Remove-R6-8-weka.filters.unsupervised.attribute.Reorder-R1,2,3,4,5,7,6-weka.filters.unsupervised.attribute.Normalize-S1.0-T0.0-weka.filters.unsupervised.attribute.Remove-R6',1,weka.classifiers.lazy.IBk,'-K 3 -W 0 -A \"weka.core.neighboursearch.LinearNNSearch -A \\\"weka.core.EuclideanDistance -R first-last\\\"\"',-3080186098777067172,2.021031319E7,458.0,230.0,18.615579710144935,40.5637972649347,9.177152642892201,17.847549431875915,0.9840124869410709,0.0,0.0,NaN,NaN,NaN,NaN,NaN,NaN,0.0,0.004,0.0,0.0,0.0,0.0,38181.0,36549.0,18993.0,NaN,NaN,?
'pacman_info-weka.filters.unsupervised.attribute.Remove-R6-8-weka.filters.unsupervised.attribute.Reorder-R1,2,3,4,5,7,6-weka.filters.unsupervised.attribute.Normalize-S1.0-T0.0-weka.filters.unsupervised.attribute.Remove-R1-2',1,weka.classifiers.lazy.IBk,'-K 3 -W 0 -A \"weka.core.neighboursearch.LinearNNSearch -A \\\"weka.core.EuclideanDistance -R first-last\\\"\"',-3080186098777067172,2.021031319E7,458.0,230.0,13.968454106280213,30.850303759973965,6.886201639410016,13.573737136796357,0.9909892347501247,0.0,0.0,NaN,NaN,NaN,NaN,NaN,NaN,0.0,0.003,0.0,0.0,0.0,0.0,34741.0,33145.0,17413.0,NaN,NaN,?
'pacman_info-weka.filters.unsupervised.attribute.Remove-R6-8-weka.filters.unsupervised.attribute.Reorder-R1,2,3,4,5,7,6',1,weka.classifiers.lazy.IBk,'-K 3 -W 0 -A \"weka.core.neighboursearch.LinearNNSearch -A \\\"weka.core.EuclideanDistance -R first-last\\\"\"',-3080186098777067172,2.021031319E7,458.0,230.0,27.993840579710124,53.235262243509865,13.800469932224827,23.422831156669062,0.9725376927552681,0.0,0.0,NaN,NaN,NaN,NaN,NaN,NaN,0.0,0.005,0.0,0.015625,0.0,15.625,42135.0,40467.0,21087.0,NaN,NaN,?
'pacman_info-weka.filters.unsupervised.attribute.Remove-R6-8-weka.filters.unsupervised.attribute.Reorder-R1,2,3,4,5,7,6-weka.filters.unsupervised.attribute.Remove-R3',1,weka.classifiers.lazy.IBk,'-K 3 -W 0 -A \"weka.core.neighboursearch.LinearNNSearch -A \\\"weka.core.EuclideanDistance -R first-last\\\"\"',-3080186098777067172,2.021031319E7,458.0,230.0,33.69528985507244,63.907321983792265,16.6111839202073,28.118400274880646,0.9599466905617844,0.0,0.0,NaN,NaN,NaN,NaN,NaN,NaN,0.0,0.005,0.0,0.0,0.0,0.0,38427.0,36795.0,19239.0,NaN,NaN,?
'pacman_info-weka.filters.unsupervised.attribute.Remove-R6-8-weka.filters.unsupervised.attribute.Reorder-R1,2,3,4,5,7,6-weka.filters.unsupervised.attribute.Remove-R4',1,weka.classifiers.lazy.IBk,'-K 3 -W 0 -A \"weka.core.neighboursearch.LinearNNSearch -A \\\"weka.core.EuclideanDistance -R first-last\\\"\"',-3080186098777067172,2.021031319E7,458.0,230.0,30.192753623188416,56.98030213080549,14.88449530036577,25.07060057224681,0.9683931482487524,0.0,0.0,NaN,NaN,NaN,NaN,NaN,NaN,0.0,0.005,0.0,0.015625,0.0,15.625,38431.0,36799.0,19243.0,NaN,NaN,?
'pacman_info-weka.filters.unsupervised.attribute.Remove-R6-8-weka.filters.unsupervised.attribute.Reorder-R1,2,3,4,5,7,6-weka.filters.unsupervised.attribute.Remove-R6',1,weka.classifiers.lazy.IBk,'-K 3 -W 0 -A \"weka.core.neighboursearch.LinearNNSearch -A \\\"weka.core.EuclideanDistance -R first-last\\\"\"',-3080186098777067172,2.021031319E7,458.0,230.0,18.620289855072468,40.56384155311098,9.179474661311351,17.847568918104244,0.9840126353391093,0.0,0.0,NaN,NaN,NaN,NaN,NaN,NaN,0.001,0.004,0.0,0.0,0.0,0.0,38125.0,36493.0,18937.0,NaN,NaN,?
'pacman_info-weka.filters.unsupervised.attribute.Remove-R6-8-weka.filters.unsupervised.attribute.Reorder-R1,2,3,4,5,7,6-weka.filters.unsupervised.attribute.Remove-R1-2',1,weka.classifiers.lazy.IBk,'-K 3 -W 0 -A \"weka.core.neighboursearch.LinearNNSearch -A \\\"weka.core.EuclideanDistance -R first-last\\\"\"',-3080186098777067172,2.021031319E7,458.0,230.0,13.709565217391326,29.312316293214206,6.758573980864024,12.897042419107073,0.9918906079908366,0.0,0.0,NaN,NaN,NaN,NaN,NaN,NaN,0.0,0.004,0.0,0.0,0.0,0.0,34685.0,33089.0,17357.0,NaN,NaN,?
'pacman_info-weka.filters.unsupervised.attribute.Remove-R6-8-weka.filters.unsupervised.attribute.Reorder-R1,2,3,4,5,7,6-weka.filters.supervised.instance.ClassBalancer-num-intervals10',1,weka.classifiers.lazy.IBk,'-K 3 -W 0 -A \"weka.core.neighboursearch.LinearNNSearch -A \\\"weka.core.EuclideanDistance -R first-last\\\"\"',-3080186098777067172,2.021031319E7,458.0,162.33942900000028,41.28977235282198,78.42606940424908,21.586193164332048,33.461177683336814,0.9468275444849563,0.0,0.0,NaN,NaN,NaN,NaN,NaN,NaN,0.001,0.005,0.015625,0.0,15.625,0.0,42198.0,40530.0,21150.0,NaN,NaN,?
'pacman_info-weka.filters.unsupervised.attribute.Remove-R6-8-weka.filters.unsupervised.attribute.Reorder-R1,2,3,4,5,7,6-weka.filters.supervised.instance.ClassBalancer-num-intervals10-weka.filters.supervised.instance.ClassBalancer-num-intervals10-weka.filters.unsupervised.attribute.Remove-R3',1,weka.classifiers.lazy.IBk,'-K 5 -W 0 -A \"weka.core.neighboursearch.LinearNNSearch -A \\\"weka.core.EuclideanDistance -R first-last\\\"\"',-3080186098777067172,2.021031319E7,586.0,342.55008899999825,80.52238477563209,100.83341706572082,43.28049852293883,47.20365030628836,0.9174219808068386,0.0,0.0,NaN,NaN,NaN,NaN,NaN,NaN,0.0,0.009,0.0,0.015625,0.0,15.625,48425.0,46777.0,24370.0,NaN,NaN,?
'pacman_info-weka.filters.unsupervised.attribute.Remove-R6-8-weka.filters.unsupervised.attribute.Reorder-R1,2,3,4,5,7,6-weka.filters.supervised.instance.ClassBalancer-num-intervals10-weka.filters.supervised.instance.ClassBalancer-num-intervals10-weka.filters.unsupervised.attribute.Remove-R4',1,weka.classifiers.lazy.IBk,'-K 5 -W 0 -A \"weka.core.neighboursearch.LinearNNSearch -A \\\"weka.core.EuclideanDistance -R first-last\\\"\"',-3080186098777067172,2.021031319E7,586.0,342.55008899999825,70.70190971649939,90.97850346868793,38.002027729063684,42.590220465565736,0.9206074827265582,0.0,0.0,NaN,NaN,NaN,NaN,NaN,NaN,0.0,0.008,0.0,0.0,0.0,0.0,48429.0,46781.0,24374.0,NaN,NaN,?
'pacman_info-weka.filters.unsupervised.attribute.Remove-R6-8-weka.filters.unsupervised.attribute.Reorder-R1,2,3,4,5,7,6-weka.filters.supervised.instance.ClassBalancer-num-intervals10-weka.filters.supervised.instance.ClassBalancer-num-intervals10-weka.filters.unsupervised.attribute.Remove-R6',1,weka.classifiers.lazy.IBk,'-K 5 -W 0 -A \"weka.core.neighboursearch.LinearNNSearch -A \\\"weka.core.EuclideanDistance -R first-last\\\"\"',-3080186098777067172,2.021031319E7,586.0,342.55008899999825,60.144666861982735,73.70645210406315,32.32754683726713,34.504568938387955,0.9545737474940845,0.0,0.0,NaN,NaN,NaN,NaN,NaN,NaN,0.0,0.009,0.0,0.0,0.0,0.0,48123.0,46475.0,24068.0,NaN,NaN,?
'pacman_info-weka.filters.unsupervised.attribute.Remove-R6-8-weka.filters.unsupervised.attribute.Reorder-R1,2,3,4,5,7,6-weka.filters.supervised.instance.ClassBalancer-num-intervals10-weka.filters.supervised.instance.ClassBalancer-num-intervals10-weka.filters.unsupervised.attribute.Remove-R1-2',1,weka.classifiers.lazy.IBk,'-K 5 -W 0 -A \"weka.core.neighboursearch.LinearNNSearch -A \\\"weka.core.EuclideanDistance -R first-last\\\"\"',-3080186098777067172,2.021031319E7,586.0,342.55008899999825,49.82707051752491,63.55897317217508,26.781875101502507,29.75417902867109,0.9708670246312044,0.0,0.0,NaN,NaN,NaN,NaN,NaN,NaN,0.001,0.007,0.0,0.015625,0.0,15.625,43659.0,42047.0,21968.0,NaN,NaN,?
'pacman_info-weka.filters.unsupervised.attribute.Remove-R6-8-weka.filters.unsupervised.attribute.Reorder-R1,2,3,4,5,7,6-weka.filters.unsupervised.attribute.Normalize-S1.0-T0.0',1,weka.classifiers.lazy.IBk,'-K 5 -W 0 -A \"weka.core.neighboursearch.LinearNNSearch -A \\\"weka.core.EuclideanDistance -R first-last\\\"\"',-3080186098777067172,2.021031319E7,458.0,230.0,29.364182194616973,53.512720656029565,14.476024192082452,23.544909292017003,0.9724554303425139,0.0,0.0,NaN,NaN,NaN,NaN,NaN,NaN,0.0,0.005,0.0,0.0,0.0,0.0,42207.0,40523.0,21143.0,NaN,NaN,?
'pacman_info-weka.filters.unsupervised.attribute.Remove-R6-8-weka.filters.unsupervised.attribute.Reorder-R1,2,3,4,5,7,6-weka.filters.unsupervised.attribute.Normalize-S1.0-T0.0-weka.filters.unsupervised.attribute.Remove-R3',1,weka.classifiers.lazy.IBk,'-K 5 -W 0 -A \"weka.core.neighboursearch.LinearNNSearch -A \\\"weka.core.EuclideanDistance -R first-last\\\"\"',-3080186098777067172,2.021031319E7,458.0,230.0,35.83635610766044,65.10248484412726,17.66669184015874,28.644256572052566,0.9587787801826237,0.0,0.0,NaN,NaN,NaN,NaN,NaN,NaN,0.0,0.005,0.0,0.015625,0.0,15.625,38499.0,36851.0,19295.0,NaN,NaN,?
'pacman_info-weka.filters.unsupervised.attribute.Remove-R6-8-weka.filters.unsupervised.attribute.Reorder-R1,2,3,4,5,7,6-weka.filters.unsupervised.attribute.Normalize-S1.0-T0.0-weka.filters.unsupervised.attribute.Remove-R4',1,weka.classifiers.lazy.IBk,'-K 5 -W 0 -A \"weka.core.neighboursearch.LinearNNSearch -A \\\"weka.core.EuclideanDistance -R first-last\\\"\"',-3080186098777067172,2.021031319E7,458.0,230.0,30.85652173913042,56.841591477888166,15.211721280664685,25.009569667805085,0.9685541385923498,0.0,0.0,NaN,NaN,NaN,NaN,NaN,NaN,0.0,0.004,0.0,0.0,0.0,0.0,38503.0,36855.0,19299.0,NaN,NaN,?
'pacman_info-weka.filters.unsupervised.attribute.Remove-R6-8-weka.filters.unsupervised.attribute.Reorder-R1,2,3,4,5,7,6-weka.filters.unsupervised.attribute.Normalize-S1.0-T0.0-weka.filters.unsupervised.attribute.Remove-R6',1,weka.classifiers.lazy.IBk,'-K 5 -W 0 -A \"weka.core.neighboursearch.LinearNNSearch -A \\\"weka.core.EuclideanDistance -R first-last\\\"\"',-3080186098777067172,2.021031319E7,458.0,230.0,20.963747412008267,40.13216062830712,10.334757926565713,17.65763485956641,0.9844432080377501,0.0,0.0,NaN,NaN,NaN,NaN,NaN,NaN,0.0,0.005,0.0,0.015625,0.0,15.625,38197.0,36549.0,18993.0,NaN,NaN,?
'pacman_info-weka.filters.unsupervised.attribute.Remove-R6-8-weka.filters.unsupervised.attribute.Reorder-R1,2,3,4,5,7,6-weka.filters.unsupervised.attribute.Normalize-S1.0-T0.0-weka.filters.unsupervised.attribute.Remove-R1-2',1,weka.classifiers.lazy.IBk,'-K 5 -W 0 -A \"weka.core.neighboursearch.LinearNNSearch -A \\\"weka.core.EuclideanDistance -R first-last\\\"\"',-3080186098777067172,2.021031319E7,458.0,230.0,18.437129054520355,37.40674294127408,9.089179615385651,16.45848610694508,0.9868991625312087,0.0,0.0,NaN,NaN,NaN,NaN,NaN,NaN,0.0,0.004,0.0,0.0,0.0,0.0,34757.0,33145.0,17413.0,NaN,NaN,?
'pacman_info-weka.filters.unsupervised.attribute.Remove-R6-8-weka.filters.unsupervised.attribute.Reorder-R1,2,3,4,5,7,6',1,weka.classifiers.lazy.IBk,'-K 5 -W 0 -A \"weka.core.neighboursearch.LinearNNSearch -A \\\"weka.core.EuclideanDistance -R first-last\\\"\"',-3080186098777067172,2.021031319E7,458.0,230.0,29.361573498964802,53.507518876865134,14.474738151111845,23.54262057604289,0.9724611334498598,0.0,0.0,NaN,NaN,NaN,NaN,NaN,NaN,0.0,0.007,0.0,0.0,0.0,0.0,42151.0,40467.0,21087.0,NaN,NaN,?
'pacman_info-weka.filters.unsupervised.attribute.Remove-R6-8-weka.filters.unsupervised.attribute.Reorder-R1,2,3,4,5,7,6-weka.filters.unsupervised.attribute.Remove-R3',1,weka.classifiers.lazy.IBk,'-K 5 -W 0 -A \"weka.core.neighboursearch.LinearNNSearch -A \\\"weka.core.EuclideanDistance -R first-last\\\"\"',-3080186098777067172,2.021031319E7,458.0,230.0,35.66331262939958,64.99497346993904,17.581384455775137,28.596952949248696,0.9589447386166455,0.0,0.0,NaN,NaN,NaN,NaN,NaN,NaN,0.0,0.005,0.0,0.0,0.0,0.0,38443.0,36795.0,19239.0,NaN,NaN,?
'pacman_info-weka.filters.unsupervised.attribute.Remove-R6-8-weka.filters.unsupervised.attribute.Reorder-R1,2,3,4,5,7,6-weka.filters.unsupervised.attribute.Remove-R4',1,weka.classifiers.lazy.IBk,'-K 5 -W 0 -A \"weka.core.neighboursearch.LinearNNSearch -A \\\"weka.core.EuclideanDistance -R first-last\\\"\"',-3080186098777067172,2.021031319E7,458.0,230.0,30.799275362318827,56.808711696690324,15.183499826031918,24.99510298668041,0.9685820097727609,0.0,0.0,NaN,NaN,NaN,NaN,NaN,NaN,0.0,0.005,0.0,0.0,0.0,0.0,38447.0,36799.0,19243.0,NaN,NaN,?
'pacman_info-weka.filters.unsupervised.attribute.Remove-R6-8-weka.filters.unsupervised.attribute.Reorder-R1,2,3,4,5,7,6-weka.filters.unsupervised.attribute.Remove-R6',1,weka.classifiers.lazy.IBk,'-K 5 -W 0 -A \"weka.core.neighboursearch.LinearNNSearch -A \\\"weka.core.EuclideanDistance -R first-last\\\"\"',-3080186098777067172,2.021031319E7,458.0,230.0,20.960124223602467,40.13174683633716,10.332971758550979,17.657452796418077,0.9844438481836546,0.0,0.0,NaN,NaN,NaN,NaN,NaN,NaN,0.0,0.005,0.0,0.015625,0.0,15.625,38141.0,36493.0,18937.0,NaN,NaN,?
'pacman_info-weka.filters.unsupervised.attribute.Remove-R6-8-weka.filters.unsupervised.attribute.Reorder-R1,2,3,4,5,7,6-weka.filters.unsupervised.attribute.Remove-R1-2',1,weka.classifiers.lazy.IBk,'-K 5 -W 0 -A \"weka.core.neighboursearch.LinearNNSearch -A \\\"weka.core.EuclideanDistance -R first-last\\\"\"',-3080186098777067172,2.021031319E7,458.0,230.0,18.561573498964798,37.45981107698351,9.150528532798317,16.481835404574824,0.9868744757969066,0.0,0.0,NaN,NaN,NaN,NaN,NaN,NaN,0.0,0.004,0.0,0.0,0.0,0.0,34701.0,33089.0,17357.0,NaN,NaN,?
'pacman_info-weka.filters.unsupervised.attribute.Remove-R6-8-weka.filters.unsupervised.attribute.Reorder-R1,2,3,4,5,7,6-weka.filters.supervised.instance.ClassBalancer-num-intervals10',1,weka.classifiers.lazy.IBk,'-K 5 -W 0 -A \"weka.core.neighboursearch.LinearNNSearch -A \\\"weka.core.EuclideanDistance -R first-last\\\"\"',-3080186098777067172,2.021031319E7,458.0,162.33942900000028,43.727563160035004,79.39962144182938,22.860664304765375,33.876552289777116,0.9458554637075347,0.0,0.0,NaN,NaN,NaN,NaN,NaN,NaN,0.0,0.005,0.0,0.015625,0.0,15.625,42214.0,40530.0,21150.0,NaN,NaN,?
'pacman_info-weka.filters.unsupervised.attribute.Remove-R6-8-weka.filters.unsupervised.attribute.Reorder-R1,2,3,4,5,7,6-weka.filters.supervised.instance.ClassBalancer-num-intervals10-weka.filters.supervised.instance.ClassBalancer-num-intervals10-weka.filters.unsupervised.attribute.Remove-R3',1,weka.classifiers.lazy.IBk,'-K 7 -W 0 -A \"weka.core.neighboursearch.LinearNNSearch -A \\\"weka.core.EuclideanDistance -R first-last\\\"\"',-3080186098777067172,2.021031319E7,586.0,342.55008899999825,83.84333556926453,105.3531609220646,45.06549789074268,49.31950053409321,0.907028792449131,0.0,0.0,NaN,NaN,NaN,NaN,NaN,NaN,0.001,0.009,0.0,0.015625,0.0,15.625,48441.0,46777.0,24370.0,NaN,NaN,?
'pacman_info-weka.filters.unsupervised.attribute.Remove-R6-8-weka.filters.unsupervised.attribute.Reorder-R1,2,3,4,5,7,6-weka.filters.supervised.instance.ClassBalancer-num-intervals10-weka.filters.supervised.instance.ClassBalancer-num-intervals10-weka.filters.unsupervised.attribute.Remove-R4',1,weka.classifiers.lazy.IBk,'-K 7 -W 0 -A \"weka.core.neighboursearch.LinearNNSearch -A \\\"weka.core.EuclideanDistance -R first-last\\\"\"',-3080186098777067172,2.021031319E7,586.0,342.55008899999825,69.90504743818067,91.78350089670167,37.57371705798933,42.9670679254178,0.9172971655533743,0.0,0.0,NaN,NaN,NaN,NaN,NaN,NaN,0.0,0.013,0.0,0.0,0.0,0.0,48445.0,46781.0,24374.0,NaN,NaN,?
'pacman_info-weka.filters.unsupervised.attribute.Remove-R6-8-weka.filters.unsupervised.attribute.Reorder-R1,2,3,4,5,7,6-weka.filters.supervised.instance.ClassBalancer-num-intervals10-weka.filters.supervised.instance.ClassBalancer-num-intervals10-weka.filters.unsupervised.attribute.Remove-R6',1,weka.classifiers.lazy.IBk,'-K 7 -W 0 -A \"weka.core.neighboursearch.LinearNNSearch -A \\\"weka.core.EuclideanDistance -R first-last\\\"\"',-3080186098777067172,2.021031319E7,586.0,342.55008899999825,59.10430994056659,70.84990702509859,31.768358652191083,33.1673202472749,0.9577165099214232,0.0,0.0,NaN,NaN,NaN,NaN,NaN,NaN,0.0,0.008,0.0,0.0,0.0,0.0,48139.0,46475.0,24068.0,NaN,NaN,?
'pacman_info-weka.filters.unsupervised.attribute.Remove-R6-8-weka.filters.unsupervised.attribute.Reorder-R1,2,3,4,5,7,6-weka.filters.supervised.instance.ClassBalancer-num-intervals10-weka.filters.supervised.instance.ClassBalancer-num-intervals10-weka.filters.unsupervised.attribute.Remove-R1-2',1,weka.classifiers.lazy.IBk,'-K 7 -W 0 -A \"weka.core.neighboursearch.LinearNNSearch -A \\\"weka.core.EuclideanDistance -R first-last\\\"\"',-3080186098777067172,2.021031319E7,586.0,342.55008899999825,57.43134038825174,71.90063350525061,30.8691434036656,33.659202073558006,0.9622189028754344,0.0,0.0,NaN,NaN,NaN,NaN,NaN,NaN,0.0,0.008,0.0,0.015625,0.0,15.625,43675.0,42047.0,21968.0,NaN,NaN,?
'pacman_info-weka.filters.unsupervised.attribute.Remove-R6-8-weka.filters.unsupervised.attribute.Reorder-R1,2,3,4,5,7,6-weka.filters.unsupervised.attribute.Normalize-S1.0-T0.0',1,weka.classifiers.lazy.IBk,'-K 7 -W 0 -A \"weka.core.neighboursearch.LinearNNSearch -A \\\"weka.core.EuclideanDistance -R first-last\\\"\"',-3080186098777067172,2.021031319E7,458.0,230.0,29.901378693770017,53.80021994972094,14.740852596500504,23.67140528602548,0.9721505466593702,0.0,0.0,NaN,NaN,NaN,NaN,NaN,NaN,0.001,0.005,0.0,0.0,0.0,0.0,42223.0,40523.0,21143.0,NaN,NaN,?
'pacman_info-weka.filters.unsupervised.attribute.Remove-R6-8-weka.filters.unsupervised.attribute.Reorder-R1,2,3,4,5,7,6-weka.filters.unsupervised.attribute.Normalize-S1.0-T0.0-weka.filters.unsupervised.attribute.Remove-R3',1,weka.classifiers.lazy.IBk,'-K 7 -W 0 -A \"weka.core.neighboursearch.LinearNNSearch -A \\\"weka.core.EuclideanDistance -R first-last\\\"\"',-3080186098777067172,2.021031319E7,458.0,230.0,37.99604743083005,67.32547586888913,18.7313815915854,29.622344050942292,0.9559328722096919,0.0,0.0,NaN,NaN,NaN,NaN,NaN,NaN,0.001,0.004,0.015625,0.0,15.625,0.0,38515.0,36851.0,19295.0,NaN,NaN,?
'pacman_info-weka.filters.unsupervised.attribute.Remove-R6-8-weka.filters.unsupervised.attribute.Reorder-R1,2,3,4,5,7,6-weka.filters.unsupervised.attribute.Normalize-S1.0-T0.0-weka.filters.unsupervised.attribute.Remove-R4',1,weka.classifiers.lazy.IBk,'-K 7 -W 0 -A \"weka.core.neighboursearch.LinearNNSearch -A \\\"weka.core.EuclideanDistance -R first-last\\\"\"',-3080186098777067172,2.021031319E7,458.0,230.0,31.202422360248434,56.82437867657422,15.382244189362568,25.001996256462323,0.968737912590157,0.0,0.0,NaN,NaN,NaN,NaN,NaN,NaN,0.0,0.006,0.0,0.0,0.0,0.0,38519.0,36855.0,19299.0,NaN,NaN,?
'pacman_info-weka.filters.unsupervised.attribute.Remove-R6-8-weka.filters.unsupervised.attribute.Reorder-R1,2,3,4,5,7,6-weka.filters.unsupervised.attribute.Normalize-S1.0-T0.0-weka.filters.unsupervised.attribute.Remove-R6',1,weka.classifiers.lazy.IBk,'-K 7 -W 0 -A \"weka.core.neighboursearch.LinearNNSearch -A \\\"weka.core.EuclideanDistance -R first-last\\\"\"',-3080186098777067172,2.021031319E7,458.0,230.0,22.63755364201017,43.29477531008989,11.159914892211013,19.049144670603955,0.9817882135909143,0.0,0.0,NaN,NaN,NaN,NaN,NaN,NaN,0.0,0.004,0.0,0.015625,0.0,15.625,38213.0,36549.0,18993.0,NaN,NaN,?
'pacman_info-weka.filters.unsupervised.attribute.Remove-R6-8-weka.filters.unsupervised.attribute.Reorder-R1,2,3,4,5,7,6-weka.filters.unsupervised.attribute.Normalize-S1.0-T0.0-weka.filters.unsupervised.attribute.Remove-R1-2',1,weka.classifiers.lazy.IBk,'-K 7 -W 0 -A \"weka.core.neighboursearch.LinearNNSearch -A \\\"weka.core.EuclideanDistance -R first-last\\\"\"',-3080186098777067172,2.021031319E7,458.0,230.0,21.053826933935664,41.076096772022375,10.37916554296006,18.072954630431543,0.9841926458849455,0.0,0.0,NaN,NaN,NaN,NaN,NaN,NaN,0.0,0.005,0.0,0.0,0.0,0.0,34773.0,33145.0,17413.0,NaN,NaN,?
'pacman_info-weka.filters.unsupervised.attribute.Remove-R6-8-weka.filters.unsupervised.attribute.Reorder-R1,2,3,4,5,7,6',1,weka.classifiers.lazy.IBk,'-K 7 -W 0 -A \"weka.core.neighboursearch.LinearNNSearch -A \\\"weka.core.EuclideanDistance -R first-last\\\"\"',-3080186098777067172,2.021031319E7,458.0,230.0,29.901378693770017,53.80021994972094,14.740852596500504,23.67140528602548,0.9721505466593702,0.0,0.0,NaN,NaN,NaN,NaN,NaN,NaN,0.0,0.007,0.0,0.015625,0.0,15.625,42167.0,40467.0,21087.0,NaN,NaN,?
'pacman_info-weka.filters.unsupervised.attribute.Remove-R6-8-weka.filters.unsupervised.attribute.Reorder-R1,2,3,4,5,7,6-weka.filters.unsupervised.attribute.Remove-R3',1,weka.classifiers.lazy.IBk,'-K 7 -W 0 -A \"weka.core.neighboursearch.LinearNNSearch -A \\\"weka.core.EuclideanDistance -R first-last\\\"\"',-3080186098777067172,2.021031319E7,458.0,230.0,37.99604743083005,67.32547586888913,18.7313815915854,29.622344050942292,0.9559328722096919,0.0,0.0,NaN,NaN,NaN,NaN,NaN,NaN,0.0,0.006,0.0,0.0,0.0,0.0,38459.0,36795.0,19239.0,NaN,NaN,?
'pacman_info-weka.filters.unsupervised.attribute.Remove-R6-8-weka.filters.unsupervised.attribute.Reorder-R1,2,3,4,5,7,6-weka.filters.unsupervised.attribute.Remove-R4',1,weka.classifiers.lazy.IBk,'-K 7 -W 0 -A \"weka.core.neighboursearch.LinearNNSearch -A \\\"weka.core.EuclideanDistance -R first-last\\\"\"',-3080186098777067172,2.021031319E7,458.0,230.0,31.181521739130424,56.81592359269727,15.371940551586158,24.998276128229282,0.9687447535633648,0.0,0.0,NaN,NaN,NaN,NaN,NaN,NaN,0.0,0.006,0.0,0.015625,0.0,15.625,38463.0,36799.0,19243.0,NaN,NaN,?
'pacman_info-weka.filters.unsupervised.attribute.Remove-R6-8-weka.filters.unsupervised.attribute.Reorder-R1,2,3,4,5,7,6-weka.filters.unsupervised.attribute.Remove-R6',1,weka.classifiers.lazy.IBk,'-K 7 -W 0 -A \"weka.core.neighboursearch.LinearNNSearch -A \\\"weka.core.EuclideanDistance -R first-last\\\"\"',-3080186098777067172,2.021031319E7,458.0,230.0,22.636345912541575,43.29468155010841,11.159319502872771,19.049103417417196,0.9817883762782821,0.0,0.0,NaN,NaN,NaN,NaN,NaN,NaN,0.0,0.006,0.0,0.0,0.0,0.0,38157.0,36493.0,18937.0,NaN,NaN,?
'pacman_info-weka.filters.unsupervised.attribute.Remove-R6-8-weka.filters.unsupervised.attribute.Reorder-R1,2,3,4,5,7,6-weka.filters.unsupervised.attribute.Remove-R1-2',1,weka.classifiers.lazy.IBk,'-K 7 -W 0 -A \"weka.core.neighboursearch.LinearNNSearch -A \\\"weka.core.EuclideanDistance -R first-last\\\"\"',-3080186098777067172,2.021031319E7,458.0,230.0,21.21909781040219,41.12803758171276,10.460641171673965,18.09580791910238,0.9841329795293987,0.0,0.0,NaN,NaN,NaN,NaN,NaN,NaN,0.0,0.005,0.0,0.0,0.0,0.0,34717.0,33089.0,17357.0,NaN,NaN,?
'pacman_info-weka.filters.unsupervised.attribute.Remove-R6-8-weka.filters.unsupervised.attribute.Reorder-R1,2,3,4,5,7,6-weka.filters.supervised.instance.ClassBalancer-num-intervals10',1,weka.classifiers.lazy.IBk,'-K 7 -W 0 -A \"weka.core.neighboursearch.LinearNNSearch -A \\\"weka.core.EuclideanDistance -R first-last\\\"\"',-3080186098777067172,2.021031319E7,458.0,162.33942900000028,43.2998716592493,75.2377679290279,22.637068222137124,32.10086059769385,0.9500829049980214,0.0,0.0,NaN,NaN,NaN,NaN,NaN,NaN,0.001,0.006,0.0,0.0,0.0,0.0,42230.0,40530.0,21150.0,NaN,NaN,?
'pacman_info-weka.filters.unsupervised.attribute.Remove-R6-8-weka.filters.unsupervised.attribute.Reorder-R1,2,3,4,5,7,6-weka.filters.supervised.instance.ClassBalancer-num-intervals10-weka.filters.supervised.instance.ClassBalancer-num-intervals10-weka.filters.unsupervised.attribute.Remove-R3',1,weka.classifiers.rules.ZeroR,'',48055541465867954,2.021031319E7,586.0,342.55008899999825,186.04772940162627,213.61360066742134,100.0,100.0,0.0,0.0,0.0,NaN,NaN,NaN,NaN,NaN,NaN,0.0,0.0,0.0,0.0,0.0,0.0,485.0,46777.0,24370.0,NaN,NaN,?
'pacman_info-weka.filters.unsupervised.attribute.Remove-R6-8-weka.filters.unsupervised.attribute.Reorder-R1,2,3,4,5,7,6-weka.filters.supervised.instance.ClassBalancer-num-intervals10-weka.filters.supervised.instance.ClassBalancer-num-intervals10-weka.filters.unsupervised.attribute.Remove-R4',1,weka.classifiers.rules.ZeroR,'',48055541465867954,2.021031319E7,586.0,342.55008899999825,186.04772940162627,213.61360066742134,100.0,100.0,0.0,0.0,0.0,NaN,NaN,NaN,NaN,NaN,NaN,0.0,0.0,0.0,0.0,0.0,0.0,485.0,46781.0,24374.0,NaN,NaN,?
'pacman_info-weka.filters.unsupervised.attribute.Remove-R6-8-weka.filters.unsupervised.attribute.Reorder-R1,2,3,4,5,7,6-weka.filters.supervised.instance.ClassBalancer-num-intervals10-weka.filters.supervised.instance.ClassBalancer-num-intervals10-weka.filters.unsupervised.attribute.Remove-R6',1,weka.classifiers.rules.ZeroR,'',48055541465867954,2.021031319E7,586.0,342.55008899999825,186.04772940162627,213.61360066742134,100.0,100.0,0.0,0.0,0.0,NaN,NaN,NaN,NaN,NaN,NaN,0.0,0.0,0.0,0.0,0.0,0.0,485.0,46475.0,24068.0,NaN,NaN,?
'pacman_info-weka.filters.unsupervised.attribute.Remove-R6-8-weka.filters.unsupervised.attribute.Reorder-R1,2,3,4,5,7,6-weka.filters.supervised.instance.ClassBalancer-num-intervals10-weka.filters.supervised.instance.ClassBalancer-num-intervals10-weka.filters.unsupervised.attribute.Remove-R1-2',1,weka.classifiers.rules.ZeroR,'',48055541465867954,2.021031319E7,586.0,342.55008899999825,186.04772940162627,213.61360066742134,100.0,100.0,0.0,0.0,0.0,NaN,NaN,NaN,NaN,NaN,NaN,0.0,0.0,0.0,0.0,0.0,0.0,485.0,42047.0,21968.0,NaN,NaN,?
'pacman_info-weka.filters.unsupervised.attribute.Remove-R6-8-weka.filters.unsupervised.attribute.Reorder-R1,2,3,4,5,7,6-weka.filters.unsupervised.attribute.Normalize-S1.0-T0.0',1,weka.classifiers.rules.ZeroR,'',48055541465867954,2.021031319E7,458.0,230.0,202.84700968293134,227.27936639014052,100.0,100.0,7.489730794913259E-8,0.0,0.0,NaN,NaN,NaN,NaN,NaN,NaN,0.0,0.0,0.0,0.0,0.0,0.0,485.0,40523.0,21143.0,NaN,NaN,?
'pacman_info-weka.filters.unsupervised.attribute.Remove-R6-8-weka.filters.unsupervised.attribute.Reorder-R1,2,3,4,5,7,6-weka.filters.unsupervised.attribute.Normalize-S1.0-T0.0-weka.filters.unsupervised.attribute.Remove-R3',1,weka.classifiers.rules.ZeroR,'',48055541465867954,2.021031319E7,458.0,230.0,202.84700968293134,227.27936639014052,100.0,100.0,7.489730794913259E-8,0.0,0.0,NaN,NaN,NaN,NaN,NaN,NaN,0.0,0.0,0.0,0.0,0.0,0.0,485.0,36851.0,19295.0,NaN,NaN,?
'pacman_info-weka.filters.unsupervised.attribute.Remove-R6-8-weka.filters.unsupervised.attribute.Reorder-R1,2,3,4,5,7,6-weka.filters.unsupervised.attribute.Normalize-S1.0-T0.0-weka.filters.unsupervised.attribute.Remove-R4',1,weka.classifiers.rules.ZeroR,'',48055541465867954,2.021031319E7,458.0,230.0,202.84700968293134,227.27936639014052,100.0,100.0,7.489730794913259E-8,0.0,0.0,NaN,NaN,NaN,NaN,NaN,NaN,0.0,0.0,0.0,0.0,0.0,0.0,485.0,36855.0,19299.0,NaN,NaN,?
'pacman_info-weka.filters.unsupervised.attribute.Remove-R6-8-weka.filters.unsupervised.attribute.Reorder-R1,2,3,4,5,7,6-weka.filters.unsupervised.attribute.Normalize-S1.0-T0.0-weka.filters.unsupervised.attribute.Remove-R6',1,weka.classifiers.rules.ZeroR,'',48055541465867954,2.021031319E7,458.0,230.0,202.84700968293134,227.27936639014052,100.0,100.0,7.489730794913259E-8,0.0,0.0,NaN,NaN,NaN,NaN,NaN,NaN,0.0,0.0,0.0,0.0,0.0,0.0,485.0,36549.0,18993.0,NaN,NaN,?
'pacman_info-weka.filters.unsupervised.attribute.Remove-R6-8-weka.filters.unsupervised.attribute.Reorder-R1,2,3,4,5,7,6-weka.filters.unsupervised.attribute.Normalize-S1.0-T0.0-weka.filters.unsupervised.attribute.Remove-R1-2',1,weka.classifiers.rules.ZeroR,'',48055541465867954,2.021031319E7,458.0,230.0,202.84700968293134,227.27936639014052,100.0,100.0,7.489730794913259E-8,0.0,0.0,NaN,NaN,NaN,NaN,NaN,NaN,0.0,0.0,0.0,0.0,0.0,0.0,485.0,33145.0,17413.0,NaN,NaN,?
'pacman_info-weka.filters.unsupervised.attribute.Remove-R6-8-weka.filters.unsupervised.attribute.Reorder-R1,2,3,4,5,7,6',1,weka.classifiers.rules.ZeroR,'',48055541465867954,2.021031319E7,458.0,230.0,202.84700968293134,227.27936639014052,100.0,100.0,7.489730794913259E-8,0.0,0.0,NaN,NaN,NaN,NaN,NaN,NaN,0.0,0.0,0.0,0.0,0.0,0.0,485.0,40467.0,21087.0,NaN,NaN,?
'pacman_info-weka.filters.unsupervised.attribute.Remove-R6-8-weka.filters.unsupervised.attribute.Reorder-R1,2,3,4,5,7,6-weka.filters.unsupervised.attribute.Remove-R3',1,weka.classifiers.rules.ZeroR,'',48055541465867954,2.021031319E7,458.0,230.0,202.84700968293134,227.27936639014052,100.0,100.0,7.489730794913259E-8,0.0,0.0,NaN,NaN,NaN,NaN,NaN,NaN,0.0,0.0,0.0,0.0,0.0,0.0,485.0,36795.0,19239.0,NaN,NaN,?
'pacman_info-weka.filters.unsupervised.attribute.Remove-R6-8-weka.filters.unsupervised.attribute.Reorder-R1,2,3,4,5,7,6-weka.filters.unsupervised.attribute.Remove-R4',1,weka.classifiers.rules.ZeroR,'',48055541465867954,2.021031319E7,458.0,230.0,202.84700968293134,227.27936639014052,100.0,100.0,7.489730794913259E-8,0.0,0.0,NaN,NaN,NaN,NaN,NaN,NaN,0.0,0.0,0.0,0.0,0.0,0.0,485.0,36799.0,19243.0,NaN,NaN,?
'pacman_info-weka.filters.unsupervised.attribute.Remove-R6-8-weka.filters.unsupervised.attribute.Reorder-R1,2,3,4,5,7,6-weka.filters.unsupervised.attribute.Remove-R6',1,weka.classifiers.rules.ZeroR,'',48055541465867954,2.021031319E7,458.0,230.0,202.84700968293134,227.27936639014052,100.0,100.0,7.489730794913259E-8,0.0,0.0,NaN,NaN,NaN,NaN,NaN,NaN,0.0,0.0,0.0,0.0,0.0,0.0,485.0,36493.0,18937.0,NaN,NaN,?
'pacman_info-weka.filters.unsupervised.attribute.Remove-R6-8-weka.filters.unsupervised.attribute.Reorder-R1,2,3,4,5,7,6-weka.filters.unsupervised.attribute.Remove-R1-2',1,weka.classifiers.rules.ZeroR,'',48055541465867954,2.021031319E7,458.0,230.0,202.84700968293134,227.27936639014052,100.0,100.0,7.489730794913259E-8,0.0,0.0,NaN,NaN,NaN,NaN,NaN,NaN,0.0,0.0,0.0,0.0,0.0,0.0,485.0,33089.0,17357.0,NaN,NaN,?
'pacman_info-weka.filters.unsupervised.attribute.Remove-R6-8-weka.filters.unsupervised.attribute.Reorder-R1,2,3,4,5,7,6-weka.filters.supervised.instance.ClassBalancer-num-intervals10',1,weka.classifiers.rules.ZeroR,'',48055541465867954,2.021031319E7,458.0,162.33942900000028,191.2786198033618,234.3792861878383,100.0,100.0,1.006770976992738E-7,0.0,0.0,NaN,NaN,NaN,NaN,NaN,NaN,0.0,0.0,0.0,0.0,0.0,0.0,485.0,40530.0,21150.0,NaN,NaN,?
'pacman_info-weka.filters.unsupervised.attribute.Remove-R6-8-weka.filters.unsupervised.attribute.Reorder-R1,2,3,4,5,7,6-weka.filters.supervised.instance.ClassBalancer-num-intervals10-weka.filters.supervised.instance.ClassBalancer-num-intervals10-weka.filters.unsupervised.attribute.Remove-R3',1,weka.classifiers.functions.LinearRegression,'-S 0 -R 1.0E-8 -num-decimal-places 4',-3364580862046573747,2.021031319E7,586.0,342.55008899999825,82.63868184993515,99.61197790312376,44.418000754817484,46.63185190076513,0.9294890820709039,0.0,0.0,NaN,NaN,NaN,NaN,NaN,NaN,0.0,0.001,0.0,0.0,0.0,0.0,6683.0,46777.0,24370.0,NaN,NaN,?
'pacman_info-weka.filters.unsupervised.attribute.Remove-R6-8-weka.filters.unsupervised.attribute.Reorder-R1,2,3,4,5,7,6-weka.filters.supervised.instance.ClassBalancer-num-intervals10-weka.filters.supervised.instance.ClassBalancer-num-intervals10-weka.filters.unsupervised.attribute.Remove-R4',1,weka.classifiers.functions.LinearRegression,'-S 0 -R 1.0E-8 -num-decimal-places 4',-3364580862046573747,2.021031319E7,586.0,342.55008899999825,51.95916101907218,63.7917528242875,27.92786624496047,29.863151327899747,0.9570590847321069,0.0,0.0,NaN,NaN,NaN,NaN,NaN,NaN,0.001,0.0,0.0,0.0,0.0,0.0,6687.0,46781.0,24374.0,NaN,NaN,?
'pacman_info-weka.filters.unsupervised.attribute.Remove-R6-8-weka.filters.unsupervised.attribute.Reorder-R1,2,3,4,5,7,6-weka.filters.supervised.instance.ClassBalancer-num-intervals10-weka.filters.supervised.instance.ClassBalancer-num-intervals10-weka.filters.unsupervised.attribute.Remove-R6',1,weka.classifiers.functions.LinearRegression,'-S 0 -R 1.0E-8 -num-decimal-places 4',-3364580862046573747,2.021031319E7,586.0,342.55008899999825,83.81337126262629,99.70388938771909,45.04939218134509,46.67487888233754,0.9286668470639733,0.0,0.0,NaN,NaN,NaN,NaN,NaN,NaN,0.001,0.0,0.0,0.0,0.0,0.0,5732.0,46475.0,24068.0,NaN,NaN,?
'pacman_info-weka.filters.unsupervised.attribute.Remove-R6-8-weka.filters.unsupervised.attribute.Reorder-R1,2,3,4,5,7,6-weka.filters.supervised.instance.ClassBalancer-num-intervals10-weka.filters.supervised.instance.ClassBalancer-num-intervals10-weka.filters.unsupervised.attribute.Remove-R1-2',1,weka.classifiers.functions.LinearRegression,'-S 0 -R 1.0E-8 -num-decimal-places 4',-3364580862046573747,2.021031319E7,586.0,342.55008899999825,64.64548517061878,74.90932237376067,34.74672084337392,35.067674595489954,0.9536379011592275,0.0,0.0,NaN,NaN,NaN,NaN,NaN,NaN,0.0,0.001,0.0,0.0,0.0,0.0,6507.0,42047.0,21968.0,NaN,NaN,?
'pacman_info-weka.filters.unsupervised.attribute.Remove-R6-8-weka.filters.unsupervised.attribute.Reorder-R1,2,3,4,5,7,6-weka.filters.unsupervised.attribute.Normalize-S1.0-T0.0',1,weka.classifiers.functions.LinearRegression,'-S 0 -R 1.0E-8 -num-decimal-places 4',-3364580862046573747,2.021031319E7,458.0,230.0,31.084586051784157,46.690153260293,15.32415296650034,20.543067328050434,0.9788704980627668,0.0,0.0,NaN,NaN,NaN,NaN,NaN,NaN,0.0,0.0,0.0,0.0,0.0,0.0,6503.0,40523.0,21143.0,NaN,NaN,?
'pacman_info-weka.filters.unsupervised.attribute.Remove-R6-8-weka.filters.unsupervised.attribute.Reorder-R1,2,3,4,5,7,6-weka.filters.unsupervised.attribute.Normalize-S1.0-T0.0-weka.filters.unsupervised.attribute.Remove-R3',1,weka.classifiers.functions.LinearRegression,'-S 0 -R 1.0E-8 -num-decimal-places 4',-3364580862046573747,2.021031319E7,458.0,230.0,31.464509093439435,46.69840284204793,15.511448328778116,20.5466970379911,0.978862291027032,0.0,0.0,NaN,NaN,NaN,NaN,NaN,NaN,0.001,0.0,0.0,0.0,0.0,0.0,6465.0,36851.0,19295.0,NaN,NaN,?
'pacman_info-weka.filters.unsupervised.attribute.Remove-R6-8-weka.filters.unsupervised.attribute.Reorder-R1,2,3,4,5,7,6-weka.filters.unsupervised.attribute.Normalize-S1.0-T0.0-weka.filters.unsupervised.attribute.Remove-R4',1,weka.classifiers.functions.LinearRegression,'-S 0 -R 1.0E-8 -num-decimal-places 4',-3364580862046573747,2.021031319E7,458.0,230.0,26.838471148066468,47.922006098885475,13.230893169200515,21.085066744080976,0.9777141000310468,0.0,0.0,NaN,NaN,NaN,NaN,NaN,NaN,0.001,0.0,0.0,0.0,0.0,0.0,6469.0,36855.0,19299.0,NaN,NaN,?
'pacman_info-weka.filters.unsupervised.attribute.Remove-R6-8-weka.filters.unsupervised.attribute.Reorder-R1,2,3,4,5,7,6-weka.filters.unsupervised.attribute.Normalize-S1.0-T0.0-weka.filters.unsupervised.attribute.Remove-R6',1,weka.classifiers.functions.LinearRegression,'-S 0 -R 1.0E-8 -num-decimal-places 4',-3364580862046573747,2.021031319E7,458.0,230.0,31.084586051784157,46.690153260293,15.32415296650034,20.543067328050434,0.9788704980627668,0.0,0.0,NaN,NaN,NaN,NaN,NaN,NaN,0.0,0.0,0.0,0.0,0.0,0.0,5522.0,36549.0,18993.0,NaN,NaN,?
'pacman_info-weka.filters.unsupervised.attribute.Remove-R6-8-weka.filters.unsupervised.attribute.Reorder-R1,2,3,4,5,7,6-weka.filters.unsupervised.attribute.Normalize-S1.0-T0.0-weka.filters.unsupervised.attribute.Remove-R1-2',1,weka.classifiers.functions.LinearRegression,'-S 0 -R 1.0E-8 -num-decimal-places 4',-3364580862046573747,2.021031319E7,458.0,230.0,30.38000223335862,46.22390725960553,14.976805564373551,20.337925080387212,0.9794212780402086,0.0,0.0,NaN,NaN,NaN,NaN,NaN,NaN,0.001,0.0,0.0,0.0,0.0,0.0,6297.0,33145.0,17413.0,NaN,NaN,?
'pacman_info-weka.filters.unsupervised.attribute.Remove-R6-8-weka.filters.unsupervised.attribute.Reorder-R1,2,3,4,5,7,6',1,weka.classifiers.functions.LinearRegression,'-S 0 -R 1.0E-8 -num-decimal-places 4',-3364580862046573747,2.021031319E7,458.0,230.0,31.084581187290308,46.69015691236501,15.324150568390625,20.54306893491518,0.9788704956126558,0.0,0.0,NaN,NaN,NaN,NaN,NaN,NaN,0.0,0.0,0.0,0.0,0.0,0.0,6335.0,40467.0,21087.0,NaN,NaN,?
'pacman_info-weka.filters.unsupervised.attribute.Remove-R6-8-weka.filters.unsupervised.attribute.Reorder-R1,2,3,4,5,7,6-weka.filters.unsupervised.attribute.Remove-R3',1,weka.classifiers.functions.LinearRegression,'-S 0 -R 1.0E-8 -num-decimal-places 4',-3364580862046573747,2.021031319E7,458.0,230.0,31.464502244328774,46.69840678945749,15.511444952287295,20.546698774800568,0.9788622888279572,0.0,0.0,NaN,NaN,NaN,NaN,NaN,NaN,0.001,0.0,0.0,0.0,0.0,0.0,6297.0,36795.0,19239.0,NaN,NaN,?
'pacman_info-weka.filters.unsupervised.attribute.Remove-R6-8-weka.filters.unsupervised.attribute.Reorder-R1,2,3,4,5,7,6-weka.filters.unsupervised.attribute.Remove-R4',1,weka.classifiers.functions.LinearRegression,'-S 0 -R 1.0E-8 -num-decimal-places 4',-3364580862046573747,2.021031319E7,458.0,230.0,26.838476015706405,47.92200805766613,13.230895568861197,21.085067605919292,0.9777140989914769,0.0,0.0,NaN,NaN,NaN,NaN,NaN,NaN,0.0,0.0,0.0,0.0,0.0,0.0,6301.0,36799.0,19243.0,NaN,NaN,?
'pacman_info-weka.filters.unsupervised.attribute.Remove-R6-8-weka.filters.unsupervised.attribute.Reorder-R1,2,3,4,5,7,6-weka.filters.unsupervised.attribute.Remove-R6',1,weka.classifiers.functions.LinearRegression,'-S 0 -R 1.0E-8 -num-decimal-places 4',-3364580862046573747,2.021031319E7,458.0,230.0,31.084581187290308,46.69015691236501,15.324150568390625,20.54306893491518,0.9788704956126558,0.0,0.0,NaN,NaN,NaN,NaN,NaN,NaN,0.0,0.0,0.0,0.0,0.0,0.0,5354.0,36493.0,18937.0,NaN,NaN,?
'pacman_info-weka.filters.unsupervised.attribute.Remove-R6-8-weka.filters.unsupervised.attribute.Reorder-R1,2,3,4,5,7,6-weka.filters.unsupervised.attribute.Remove-R1-2',1,weka.classifiers.functions.LinearRegression,'-S 0 -R 1.0E-8 -num-decimal-places 4',-3364580862046573747,2.021031319E7,458.0,230.0,30.379998658116435,46.22391494228176,14.976803801842179,20.337928460666006,0.9794212721390833,0.0,0.0,NaN,NaN,NaN,NaN,NaN,NaN,0.001,0.0,0.0,0.0,0.0,0.0,6129.0,33089.0,17357.0,NaN,NaN,?
'pacman_info-weka.filters.unsupervised.attribute.Remove-R6-8-weka.filters.unsupervised.attribute.Reorder-R1,2,3,4,5,7,6-weka.filters.supervised.instance.ClassBalancer-num-intervals10',1,weka.classifiers.functions.LinearRegression,'-S 0 -R 1.0E-8 -num-decimal-places 4',-3364580862046573747,2.021031319E7,458.0,162.33942900000028,49.47275776432432,60.461535755263206,25.864238154365236,25.79645016360686,0.9666542454061202,0.0,0.0,NaN,NaN,NaN,NaN,NaN,NaN,0.001,0.0,0.0,0.0,0.0,0.0,6524.0,40530.0,21150.0,NaN,NaN,?
'pacman_info-weka.filters.unsupervised.attribute.Remove-R6-8-weka.filters.unsupervised.attribute.Reorder-R1,2,3,4,5,7,6-weka.filters.supervised.instance.ClassBalancer-num-intervals10-weka.filters.supervised.instance.ClassBalancer-num-intervals10-weka.filters.unsupervised.attribute.Remove-R3',1,weka.classifiers.functions.GaussianProcesses,'-L 1.0 -N 0 -K \"weka.classifiers.functions.supportVector.PolyKernel -E 1.0 -C 250007\" -S 1',-8620066949967678545,2.021031319E7,586.0,342.55008899999825,66.48595322394311,74.83035442445612,35.735965946898546,35.03070693563224,0.9495216168404578,0.0,0.0,3415.01858984036,3771.5395510276812,-356.52096118732106,9.969399219278491,11.01018412238013,-1.0407849031016392,0.237,0.17,0.234375,0.171875,234.375,171.875,2829666.0,46777.0,24370.0,100.0,397.53827562924886,?
'pacman_info-weka.filters.unsupervised.attribute.Remove-R6-8-weka.filters.unsupervised.attribute.Reorder-R1,2,3,4,5,7,6-weka.filters.supervised.instance.ClassBalancer-num-intervals10-weka.filters.supervised.instance.ClassBalancer-num-intervals10-weka.filters.unsupervised.attribute.Remove-R4',1,weka.classifiers.functions.GaussianProcesses,'-L 1.0 -N 0 -K \"weka.classifiers.functions.supportVector.PolyKernel -E 1.0 -C 250007\" -S 1',-8620066949967678545,2.021031319E7,586.0,342.55008899999825,48.87781412644603,60.8571318839675,26.27165313097274,28.48935259450872,0.958875040898566,0.0,0.0,3415.01858984036,3769.405262575204,-354.3866727348436,9.969399219278491,11.003953534442735,-1.034554315164243,0.242,0.166,0.25,0.171875,250.0,171.875,2829670.0,46781.0,24374.0,100.0,396.3717864915747,?
'pacman_info-weka.filters.unsupervised.attribute.Remove-R6-8-weka.filters.unsupervised.attribute.Reorder-R1,2,3,4,5,7,6-weka.filters.supervised.instance.ClassBalancer-num-intervals10-weka.filters.supervised.instance.ClassBalancer-num-intervals10-weka.filters.unsupervised.attribute.Remove-R6',1,weka.classifiers.functions.GaussianProcesses,'-L 1.0 -N 0 -K \"weka.classifiers.functions.supportVector.PolyKernel -E 1.0 -C 250007\" -S 1',-8620066949967678545,2.021031319E7,586.0,342.55008899999825,77.29048583764845,89.78620262903324,41.54336421424385,42.03206272845094,0.9364534842013928,0.0,0.0,3415.01858984036,3770.4318207178626,-355.41323087750243,9.969399219278491,11.006950346224787,-1.0375511269462967,0.226,0.175,0.21875,0.1875,218.75,187.5,2808389.0,46475.0,24068.0,100.0,395.9059410046291,?
'pacman_info-weka.filters.unsupervised.attribute.Remove-R6-8-weka.filters.unsupervised.attribute.Reorder-R1,2,3,4,5,7,6-weka.filters.supervised.instance.ClassBalancer-num-intervals10-weka.filters.supervised.instance.ClassBalancer-num-intervals10-weka.filters.unsupervised.attribute.Remove-R1-2',1,weka.classifiers.functions.GaussianProcesses,'-L 1.0 -N 0 -K \"weka.classifiers.functions.supportVector.PolyKernel -E 1.0 -C 250007\" -S 1',-8620066949967678545,2.021031319E7,586.0,342.55008899999825,63.24863329732987,73.00237710306777,33.99591787588729,34.17496679751512,0.9525222041998056,0.0,0.0,3415.01858984036,3768.678959092503,-353.660369252143,9.969399219278491,11.001833250414139,-1.0324340311356475,0.229,0.169,0.234375,0.15625,234.375,156.25,2824818.0,42047.0,21968.0,100.0,395.2914389759449,?
'pacman_info-weka.filters.unsupervised.attribute.Remove-R6-8-weka.filters.unsupervised.attribute.Reorder-R1,2,3,4,5,7,6-weka.filters.unsupervised.attribute.Normalize-S1.0-T0.0',1,weka.classifiers.functions.GaussianProcesses,'-L 1.0 -N 0 -K \"weka.classifiers.functions.supportVector.PolyKernel -E 1.0 -C 250007\" -S 1',-8620066949967678545,2.021031319E7,458.0,230.0,30.418752563421254,46.691073774920625,14.995908794006173,20.543472342655257,0.9792152795763961,0.0,0.0,2091.2835986763735,2523.13218497474,-431.8485862983666,9.09253738554945,10.970139934672783,-1.8776025491233332,0.12,0.099,0.125,0.09375,125.0,93.75,1747988.0,40523.0,21143.0,100.0,395.9270622369165,?
'pacman_info-weka.filters.unsupervised.attribute.Remove-R6-8-weka.filters.unsupervised.attribute.Reorder-R1,2,3,4,5,7,6-weka.filters.unsupervised.attribute.Normalize-S1.0-T0.0-weka.filters.unsupervised.attribute.Remove-R3',1,weka.classifiers.functions.GaussianProcesses,'-L 1.0 -N 0 -K \"weka.classifiers.functions.supportVector.PolyKernel -E 1.0 -C 250007\" -S 1',-8620066949967678545,2.021031319E7,458.0,230.0,34.411529908182544,48.22859080966178,16.964277640558247,21.2199600763028,0.9791499218763591,0.0,0.0,2091.2835986763735,2523.1246777637302,-431.8410790873568,9.09253738554945,10.970107294624913,-1.8775699090754643,0.122,0.087,0.125,0.09375,125.0,93.75,1744330.0,36851.0,19295.0,100.0,395.87273933726476,?
'pacman_info-weka.filters.unsupervised.attribute.Remove-R6-8-weka.filters.unsupervised.attribute.Reorder-R1,2,3,4,5,7,6-weka.filters.unsupervised.attribute.Normalize-S1.0-T0.0-weka.filters.unsupervised.attribute.Remove-R4',1,weka.classifiers.functions.GaussianProcesses,'-L 1.0 -N 0 -K \"weka.classifiers.functions.supportVector.PolyKernel -E 1.0 -C 250007\" -S 1',-8620066949967678545,2.021031319E7,458.0,230.0,26.638896116235106,48.91999613735643,13.132506196603128,21.524169533886294,0.9769296413936278,0.0,0.0,2091.2835986763735,2522.724685988925,-431.44108731255164,9.09253738554945,10.968368199951849,-1.8758308144023985,0.119,0.087,0.109375,0.09375,109.375,93.75,1744334.0,36855.0,19299.0,100.0,395.37125464512974,?
'pacman_info-weka.filters.unsupervised.attribute.Remove-R6-8-weka.filters.unsupervised.attribute.Reorder-R1,2,3,4,5,7,6-weka.filters.unsupervised.attribute.Normalize-S1.0-T0.0-weka.filters.unsupervised.attribute.Remove-R6',1,weka.classifiers.functions.GaussianProcesses,'-L 1.0 -N 0 -K \"weka.classifiers.functions.supportVector.PolyKernel -E 1.0 -C 250007\" -S 1',-8620066949967678545,2.021031319E7,458.0,230.0,29.976643017982237,46.52016391169713,14.777956581582595,20.468274199533848,0.9792720479125679,0.0,0.0,2091.2835986763735,2521.6688339480384,-430.3852352716649,9.09253738554945,10.963777538904514,-1.8712401533550647,0.114,0.081,0.125,0.078125,125.0,78.125,1727219.0,36549.0,18993.0,100.0,394.18276152941735,?
'pacman_info-weka.filters.unsupervised.attribute.Remove-R6-8-weka.filters.unsupervised.attribute.Reorder-R1,2,3,4,5,7,6-weka.filters.unsupervised.attribute.Normalize-S1.0-T0.0-weka.filters.unsupervised.attribute.Remove-R1-2',1,weka.classifiers.functions.GaussianProcesses,'-L 1.0 -N 0 -K \"weka.classifiers.functions.supportVector.PolyKernel -E 1.0 -C 250007\" -S 1',-8620066949967678545,2.021031319E7,458.0,230.0,29.793041783244625,46.91756817698535,14.687444409367389,20.643126968441187,0.979134994519988,0.0,0.0,2091.2835986763735,2522.4175387203773,-431.1339400440038,9.09253738554945,10.967032777045118,-1.8744953914956686,0.114,0.081,0.109375,0.09375,109.375,93.75,1740506.0,33145.0,17413.0,100.0,395.0639700246102,?
'pacman_info-weka.filters.unsupervised.attribute.Remove-R6-8-weka.filters.unsupervised.attribute.Reorder-R1,2,3,4,5,7,6',1,weka.classifiers.functions.GaussianProcesses,'-L 1.0 -N 0 -K \"weka.classifiers.functions.supportVector.PolyKernel -E 1.0 -C 250007\" -S 1',-8620066949967678545,2.021031319E7,458.0,230.0,30.418756734282965,46.69108425041306,14.995910850167473,20.543476951737286,0.979215270191696,0.0,0.0,2091.2835986763735,2523.132185030334,-431.8485863539604,9.09253738554945,10.970139934914496,-1.8776025493650452,0.129,0.084,0.125,0.078125,125.0,78.125,1747764.0,40467.0,21087.0,100.0,395.9270619937186,?
'pacman_info-weka.filters.unsupervised.attribute.Remove-R6-8-weka.filters.unsupervised.attribute.Reorder-R1,2,3,4,5,7,6-weka.filters.unsupervised.attribute.Remove-R3',1,weka.classifiers.functions.GaussianProcesses,'-L 1.0 -N 0 -K \"weka.classifiers.functions.supportVector.PolyKernel -E 1.0 -C 250007\" -S 1',-8620066949967678545,2.021031319E7,458.0,230.0,34.411526310869874,48.22860171685318,16.964275867146515,21.21996487532682,0.9791499151898169,0.0,0.0,2091.2835986763735,2523.1246778357768,-431.8410791594033,9.09253738554945,10.97010729493816,-1.87756990938871,0.116,0.089,0.109375,0.09375,109.375,93.75,1744106.0,36795.0,19239.0,100.0,395.872739091149,?
'pacman_info-weka.filters.unsupervised.attribute.Remove-R6-8-weka.filters.unsupervised.attribute.Reorder-R1,2,3,4,5,7,6-weka.filters.unsupervised.attribute.Remove-R4',1,weka.classifiers.functions.GaussianProcesses,'-L 1.0 -N 0 -K \"weka.classifiers.functions.supportVector.PolyKernel -E 1.0 -C 250007\" -S 1',-8620066949967678545,2.021031319E7,458.0,230.0,26.638902301474776,48.91999861351723,13.132509245817253,21.52417062336522,0.9769296390346385,0.0,0.0,2091.2835986763735,2522.724685847724,-431.4410871713503,9.09253738554945,10.96836819933793,-1.8758308137884796,0.118,0.089,0.125,0.078125,125.0,78.125,1744110.0,36799.0,19243.0,100.0,395.37125440313895,?
'pacman_info-weka.filters.unsupervised.attribute.Remove-R6-8-weka.filters.unsupervised.attribute.Reorder-R1,2,3,4,5,7,6-weka.filters.unsupervised.attribute.Remove-R6',1,weka.classifiers.functions.GaussianProcesses,'-L 1.0 -N 0 -K \"weka.classifiers.functions.supportVector.PolyKernel -E 1.0 -C 250007\" -S 1',-8620066949967678545,2.021031319E7,458.0,230.0,29.97664528878928,46.5201729141864,14.777957701050436,20.468278160513417,0.9792720401081931,0.0,0.0,2091.2835986763735,2521.6688340294913,-430.3852353531179,9.09253738554945,10.963777539258658,-1.8712401537092083,0.112,0.082,0.109375,0.078125,109.375,78.125,1727051.0,36493.0,18937.0,100.0,394.1827613574934,?
'pacman_info-weka.filters.unsupervised.attribute.Remove-R6-8-weka.filters.unsupervised.attribute.Reorder-R1,2,3,4,5,7,6-weka.filters.unsupervised.attribute.Remove-R1-2',1,weka.classifiers.functions.GaussianProcesses,'-L 1.0 -N 0 -K \"weka.classifiers.functions.supportVector.PolyKernel -E 1.0 -C 250007\" -S 1',-8620066949967678545,2.021031319E7,458.0,230.0,29.79304248984791,46.917580070447045,14.68744475771035,20.643132201411465,0.9791349833746297,0.0,0.0,2091.2835986763735,2522.417539073924,-431.13394039755076,9.09253738554945,10.96703277858228,-1.8744953930328294,0.112,0.086,0.109375,0.09375,109.375,93.75,1740282.0,33089.0,17357.0,100.0,395.0639700961496,?
'pacman_info-weka.filters.unsupervised.attribute.Remove-R6-8-weka.filters.unsupervised.attribute.Reorder-R1,2,3,4,5,7,6-weka.filters.supervised.instance.ClassBalancer-num-intervals10',1,weka.classifiers.functions.GaussianProcesses,'-L 1.0 -N 0 -K \"weka.classifiers.functions.supportVector.PolyKernel -E 1.0 -C 250007\" -S 1',-8620066949967678545,2.021031319E7,458.0,162.33942900000028,49.63870224804369,60.26465749544639,25.950993529268068,25.71245030891875,0.9671284999855714,0.0,0.0,1535.4389969684437,1781.9330727284455,-246.4940757600018,9.458201291125897,10.976588273748593,-1.518386982622696,0.116,0.101,0.125,0.09375,125.0,93.75,1748016.0,40530.0,21150.0,100.0,397.26191573515985,?
